Company Name_preprocessed,company_map,Availablity,link
idea,Vodafone Idea,,
blueconchtechnologies,UST's BlueConch Technologies,,
forecsoftwaresolutions,THiNK Force Software Solutions,,
tatagroup,The Tata group,,
hiveca,The Hive CA,,
data,The Data Company,,
cuddle,The Cuddle Company,,
amobee,The Amobee Advertising Platform,,
tatatechnologies,Tata Technologies,,
tatasteel,Tata Steel,,
tataresearchdevelopmentanddesigncentre,Tata Research Development and Design Centre,,
tataprojectslimited,Tata Projects Ltd,,
tata,Tata Motors,,
tatamotors,Tata Motors,,
tatahealth,Tata Health,,
tataelxsi,Tata Elxsi,,
tataconsultancyservices,Tata Consultancy Services,,
tataconsultancyservicesbig,Tata Consultancy Services,,
tataconsultancyservicesnorthamerica,Tata Consultancy Services,,
tatacommunications,Tata Communications,,
tatacapital,Tata Capital,,
aig,TATA AIG,,
tataaiggeneralinsurance,TATA AIG,,
csirngri,NGRI - National Geophysical Research Institute,,
fnmathlogicconsultingservices,MathLogic – FN MathLogic Consulting Services Pvt Ltd,,
jupitermoney,Jupiter,,
junipernetworks,Juniper Networks,,
joulon,Joulon,,
joulestowattsbusinesssolutions,JoulestoWatts Business Solutions,,
jotter,Jotter.AI PVT LTD,,
josthurler,Jost-Hurler DE,,
joshtechnologygroup,Josh Technology Group,,
johnsoncontrols,Johnson Controls,,
johnsonjohnson,Johnson & Johnson India,,
johndeere,John Deere,,
jocata,Jocata,,
jobminar,Jobminar,,
jobseekeronboard,Job Seeker,,
joany,JOANY,,
jmoontechnologies,JMoon Technologies,,
jll,JLL India,,
jio,Jio,,
jindalaluminium,Jindal Aluminium,,
jigsawacademy,Jigsaw Academy,,
jetsynthesys,JetSynthesys,,
jeettechnosolutions,Jeet Techno Solutions,,
jcb,JCB,,
jbtcorporation,JBT Corporation,,
jayarmanufacturing,JAY Manufacturing,,
jawaharlalnehrutechnologicaluniversity,Jawaharlal Nehru Technological University Hyderabad,,
javis,Javis,,
jashdatasciences,Jash Data Sciences,,
jarvissofttechnology,JarvisSoft Technology,,
jarvistechnologystrategyconsulting,Jarvis Consulting,,
jameshardie,James Hardie,,
jaitra,Jaitra,,
jairajispat,Jai Raj Steel,,
jaffarengineeringworks,Jaffar Engineering Works,,
jpmorgan,J.P. Morgan,,
izmo,izmo Ltd,,
ivlglobal,IVL Global,,
ivy,IVL Global,,
ivyteltechnologies,IVL Global,,
ivanti,Ivanti,,
itversity,ITVersity,,
itvedant,Itvedant,,
ittstarconsulting,ITTStar Consulting LLC,,
itouchinfotronics,ITouch Infotronics,,
ithinktechnologies,iThink Technologies Pvt. Ltd.,,
itechmission,iTech Mission Pvt. Ltd.,,
itcinfotech,ITC Infotech,,
isoursetechnologies,Isourse Technologies Pvt. Ltd.,,
ischoolconnect,iSchoolConnect,,
ironmountain,Iron Mountain,,
irisbusinessservices,IRIS Business Services,,
iresearchservices,iResearch Services,,
iqvia,IQVIA,,
iquanti,iQuanti,,
iqlect,IQLECT,,
ipsos,Ipsos,,
ipredicttdatasciencelabs,iPredictt Data Labs Pvt Ltd,,
ipingdatalabs,iPing Data Labs,,
indianpoliticalactioncommittee,I-PAC Indian Political Action Committee,,
iopextechnologies,iOPEX,,
invoidsenior,inVOID,,
invizaisolutions,INVIZ AI Solutions,,
invergenceanalytics,INVERGENCE ANALYTICS PRIVATE LIMITED,,
inventerontechnologiesandbusinesssolutions,Inventeron Technologies,,
invendistechnologiesindia,Invendis,,
inurtureeducationsolutions,iNurture,,
intuit,Intuit,,
internshipstudio,Internship Studio,,
internshala,Internshala,,
internityfoundation,Internity Foundation,,
intercontinentalexchange,Intercontinental Exchange,,
intercontinentalexchangesenior,Intercontinental Exchange,,
interactions,Interactions,,
intellipredikttechnologies,Intellipredikt Technologies,,
intellicar,Intellicar Telematics,,
intellectdesignarena,Intellect Design,,
intelenet,Intelenet Global,,
intelegencia,Intelegencia,,
intelcorporation,Intel,,
integramicrosoftwareservicesp,Integra Micro Systems,,
intangles,Intangles,,
insyncanalytics,InSync Analytics,,
insudpharma,Insud Pharma,,
instamojo,Instamojo,,
inspirisyssolutionslimited,Inspirisys,,
insofe,INSOFE,,
insightdatascience,Insight Data Science,,
insideview,InsideView,,
inshorts,Inshorts,,
innowatts,Innowatts,,
innoviti,Innoviti Payment Solutions,,
innovianstechnologies,Innovians Technologies,,
innovatustechnologies,Innovatus Technology Consulting,,
innovatorsbay,InnovatorsBay,,
innovativebusinesssolutions,INNOVATIVE BUSINESS SOLUTIONS PRIVATE LIMITED,,
innovaccer,Innovaccer,,
innoplexus,Innoplexus,,
innoplexusassociate,Innoplexus,,
innomindssoftware,Innominds,,
innomaticsresearchlabs,Innomatics Research Labs,,
innodatatics,Innodatatics,,
innodata,Innodata Inc.,,
innefulabspvt,Innefu,,
inmobi,InMobi,,
ingrammicro,Ingram,,
ingenero,Ingenero,,
infrrd,Infrrd,,
infrasofttechnologies,InfrasoftTech,,
infosys,Infosys,,
infosysbpm,Infosys,,
infostretch,Infostretch,,
inforttechnology,Infort Technology,,
informatica,Informatica,,
infor,Infor,,
infologitech,Infologitech,,
infogain,Infogain,,
infodeal,Infodeal Technologies,,
infocepts,InfoCepts,,
infoedge,Info Edge (India) Limited,,
inflexionanalytics,Inflexion Analytics,,
infinitylabs,Infinity Labs,,
infinitecomputersolutions,Infinite Computer Solutions,,
infilect,Infilect Technologies,,
inferencelabs,Inference Labs,,
ineuron,iNeuron.ai,,
ineuronjunior,iNeuron.ai,,
ineos,INEOS Group,,
industryarc,IndustryARC,,
indusindbank,IndusInd Bank,,
indiumsoftware,Indium Software,,
indigentechnologies,Indigen Technologies,,
indianstatisticalinstitute,Indian Statistical Institute - Kolkata,,
indianschoolofbusiness,Indian School of Business (ISB),,
iitkharagpur,Indian Institute of Technology Kharagpur,,
indianinstituteofscience,Indian Institute of Science - Bengaluru,,
iimkozhikkode,"Indian Institute of Management, Kozhikode",,
indiamart,IndiaMART,,
indialends,IndiaLends,,
indiacom,Indiacom,,
indegene,Indegene,,
indecommglobalservices,Indecomm Global Services,,
incubit,Incubit,,
inceptua,Inceptua,,
incedo,Incedo,,
impressicobusinesssolutions,Impressico Business Solutions,,
impelsys,Impelsys,,
impactanalytics,Impact Analytics,,
imimobile,imimobile,,
imdb,IMDb,,
imarticuslearning,Imarticus Learning,,
ilinksystems,iLink Digital,,
ikensolutions,iKen Solutions,,
ikea,IKEA,,
iitmadras,IIT Madras,,
iitdelhi,IIT Delhi,,
iits,IIT Bombay,,
indianinstituteoftechnologybombay,IIT Bombay,,
iifl,IIFL Finance,,
ihsmarkit,IHS Markit,,
ignitariumtechnologysolutions,"Ignitarium: VLSI, AI & Embedded software services",,
ifuturerobotics,iFuture Robotics,,
ifsindiamercantile,IFS India,,
ifmelectronic,IFM Electronic,,
ifitechsolutions,IFI Techsolutions,,
ienergizer,iEnergizer,,
idolsoft,Idol Soft,,
idfy,IDfy,,
idfcfirstbank,IDFC FIRST Bank,,
idexcel,Idexcel,,
ideaspark,IdeasPark,,
ideasasascompany,IDeaS,,
idcinternationaldatacorporation,IDC | International Data Corporation,,
icsconsultancy,ICS Consultancy Services,,
icicilombardgeneralinsurancecompanylimited,ICICI Insurance,,
icicibank,ICICI Bank,,
icertis,Icertis,,
icecreamlabs,IceCream Labs,,
icemortgagetechnologysenior,ICE Mortgage Technology,,
icedataservices,ICE Data Services,,
ibm,IBM,,
ibminteractiveexperience,IBM,,
iaastha,iAastha,,
i4ulabs,I4u Labs Private Limited,,
i2econsulting,i2e Consulting,,
baharinfotech,I Bahar Technologies,,
hyperworksimaging,Hyperworks Imaging,,
hyperverge,HyperVerge,,
hyperthinksystems,HyperThink Systems,,
hypersonixca,Hypersonix,,
hyberitservices,HyberIT Services Pvt,,
hurreytechventures,Hurrey Tech,,
humonics,Humonics Global,,
humannetwork,Human Network,,
hudl,Hudl,,
htcglobalservices,HTC Global Services,,
htmedia,HT Media,,
hsbc,HSBC India,,
hsbcsoftwaredevelopmentindia,HSBC India,,
hsbgroup,HSBC India,,
hsbcelectronicdataprocessingindia,HSBC Electronic Data Processing India,,
housingcom,Housing.com,,
hotstar,Hotstar,,
hotify,Hotify,,
hornbillsoftech,Hornbill,,
horizonelectric,Horizon Electric,,
honeywell,Honeywell,,
homecreditindia,Home Credit Finance,,
hitwicket,Hitwicket Superstars,,
hitachi,Hitachi Global,,
hitachiconsulting,Hitachi Consulting Software Services India Pvt. Ltd.,,
hindujaglobalsolutions,Hinduja Global Solutions,,
himani,HIMANI LTD,,
hilabs,HiLabs,,
hilabsmd,HiLabs,,
hike,Hike,,
highradius,HighRadius,,
highpeaksoftware,High Peak Software,,
hhh,HHH MARKETING,,
hhglobal,HH Global,,
hexawaretechnologies,Hexaware,,
hexagon,Hexagon,,
hewlettpackard,Hewlett Packard Enterprise (HPE),,
hewlettpackardenterprisehpe,Hewlett Packard Enterprise (HPE),,
hetero,Hetero,,
heromotocorp,Hero MotoCorp,,
heretechnologies,HERE Technologies,,
helpshift,Helpshift,,
hpinc,"Helmerich & Payne, Inc",,
healthpointesolutions,HealthPointe Solutions,,
headdigitalworks,Head Digital Works,,
hdfcsecurities,HDFC securities,,
hdfcstandardlife,HDFC Life Insurance,,
hdfcstandardlifeinsurance,HDFC Life Insurance,,
hdfcergo,HDFC ERGO,,
hdfcergohealthinsurance,HDFC ERGO,,
hdfc,HDFC Bank,,
hdfcbank,HDFC Bank,,
hdfcdevelopers,HDFC Bank,,
hdfireprotect,HD Fire Protect,,
hcl,HCL Technologies,,
hcltechnologies,HCL Technologies,,
havellsindia,Havells,,
hashworks,Hashworks IT Services Pvt Ltd,,
hashmap,Hashmap,,
hashedinbydeloitte,HashedIn by Deloitte,,
harman,Harman International,,
harishhathiwala,Harish Hathiwala CPA,,
hwi,HarbisonWalker International Refractory Products: HWI,,
haptik,Haptik,,
happiestmindstechnologies,Happiest Minds,,
happay,Happay,,
hansinfotech,Hansinfotech,,
hansacequity,Hansa Cequity,,
halodoc,Halodoc,,
halliburton,Halliburton,,
hakkasangroup,Hakkasan Group,,
hackerearth,HackerEarth,,
hackdevtechnology,Hackdev Technology Pvt. Ltd.,,
gyansys,GyanSys,,
guidewire,Guidewire Software,,
guavus,Guavus,,
guardianlife,Guardian Life,,
gtt,GTT,,
gtllimited,GTL Limited,,
gspanntechnologies,GSPANN,,
glaxosmithkline,GSK,,
gslab,GS Lab,,
grroom,Grroom,,
growelgroup,Growel Feeds,,
groupon,Groupon,,
groupm,GroupM,,
groupimd,Group IMD,,
grofers,Grofers,,
greenpointglobal,GreenPoint Global,,
greenlightplanet,Greenlight Planet Inc.,,
greatlearning,Great Learning,,
graymattersoftwareservices,GrayMatter,,
graphenesingapore,Graphene Services,,
gramener,Gramener,,
grailinsights,Grail Insights,,
gradatim,GRADATIM,,
graco,Graco Inc.,,
grab,Grab,,
googooexpresswash,GooGoo Express Car Wash,,
googlesummerofcode,Google Summer of Code,,
googlecloud,Google Cloud,,
google,Google,,
goodworklabsservices,GoodWorkLabs,,
goodwill,Goodwill Industries,,
golorry,GoLorry,,
goldmansachs,Goldman Sachs,,
goldfinch,Goldfinch,,
gokhana,GoKhana,,
gojek,Gojek,,
goibibo,Goibibo,,
godutchmarketing,goDutch Marketing,,
godrejinfotech,Godrej Infotech,,
godigital,GoDigital Media Group,,
goals101,Goals101,,
gnaniai,Gnani.ai,,
gmrhyderabadinternationalairport,GMR Hyderabad International Airport,,
gloriousinsights,Glorious Insight Systems,,
globussoft,Globussoft,,
globexdigitalsolutions,Globex Digital Solutions,,
globant,Globant,,
globallogic,GlobalLogic India,,
globalfoundries,GLOBALFOUNDRIES,,
globaldata,GlobalData,,
globalai,GlobalAI,,
globaltalentpool,Global Talent Pool,,
globalmarketinsights,Global Market Insights Inc.,,
gigindia,GigIndia,,
giftiicon,Giftiicon,,
gibots,GIBots,,
giantview,GiantView Private Limited,,
gigroup,Gi Group,,
ggsengineeringservices,GGS Engineering,,
ggktech,GGK Tech,,
getupforchangeservices,GetupForChange Services Pvt Ltd,,
getmyuni,GetMyUni,,
gep,GEP,,
geospoc,GeoSpoc,,
genpact,Genpact,,
genesisgroupsoftwaredevelopers,Genesis Software,,
generico,Generico,,
generalmotorsgm,General Motors,,
generalmills,General Mills,,
ge,General Electric,,
geminisolutions,Gemini Solutions,,
geeksforgeeks,GeeksforGeeks,,
gearup,Gear Up,,
gepower,GE Power,,
gehealthcare,GE Healthcare Systems,,
gedigital,GE Digital,,
gecapital,GE Capital,,
geaviation,GE Aviation,,
gccservices,GCC Services,,
gaugedatasolutions,Gauge Data Solutions,,
gathianalytics,Gathi Analytics,,
gartner,Gartner,,
gapinc,Gap Inc,,
gap,Gap,,
ganit,Ganit,,
galytix,Galytix,,
gallagher,Gallagher Insurance,,
gaininsightssolutions,GainInsights Solutions,,
gainsight,GainInsights Solutions,,
gaiansolutionsindia,Gaian Solutions,,
g2,G2,,
fynd,Fynd,,
fuzzylogix,Fuzzy Logix,,
futurewaretechnologies,Futureware Technologies Private Limited,,
futurensetechnologies,Futurense Technologies,,
fusiontechprocess,Fusion Technology,,
fusionpractices,Fusion Practices,,
furtadosschoolofmusic,Furtados School of Music,,
furlenco,Furlenco,,
fundnel,Fundnel,,
fullthrottlelabs,FullThrottle Labs,,
ftd,FTD,,
fsnecommerceventures,FSN E-Commerce Ventures Nykaa Ltd,,
friendsunionforenergisinglivesfuel,Friends Union For Energising Lives,,
freshworks,Freshworks,,
fresherslive,Fresherslive,,
fresherscom,freshers.com,,
fresherzones,Freshers Zone,,
fresherworldcom,Freshers World,,
fresherthanfresh,FRESHER THAN FRESH LIMITED,,
freshgravity,Fresh Gravity,,
freemansgrattanholdings,Freemans Grattan Holdings,,
freelance,Freelancer,,
freelancer,Freelancer,,
franklintempletoninvestments,Franklin Templeton,,
franbiz,FranBizNetwork,,
fragmadatasystems,Fragma Data,,
fractalsystems,Fractal Systems,,
fractal,Fractal,,
fractalbig,Fractal,,
fractalsenior,Fractal,,
fountane,Fountane,,
fortraizinfosec,Fortraiz Infosec Private Limited,,
fra,Forensic Risk Alliance,,
fordmotorcompany,Ford,,
fokal,FOKAL AI,,
foghornsystems,FogHorn Systems,,
flynavatechnologies,FlyNava Technologies,,
flutura,Flutura,,
fliptango,Fliptango,,
flippercode,Flipper Code,,
flipkart,Flipkart,,
fliprobo,Flip Robo,,
flextradesystemsinc,FlexTrade,,
flexiloanstechnologies,Flexiloans,,
flashelectronicsindia,Flash Electronics,,
fiverrinc,Fiverr Inc,,
fiserv,Fiserv,,
fis,FIS,,
firstsourcesolutions,Firstsource,,
firstcrycom,FirstCry.com,,
firststudent,First Student,,
firstamericanfinancialcorporation,First American Financial Corporation,,
figmd,FIGmd,,
fieldsdata,Fields Data,,
fieldglobalmarketresearch,FieldGlobal-Marketing Research Firms India,,
fidelitynationalfinancial,Fidelity National Financial,,
fidelityinvestments,Fidelity Investments,,
fidelityinternational,Fidelity International,,
fico,FICO,,
fiatechnologyservices,FIA Global,,
ferromatikmilacron,Ferromatik,,
fellowshipai,Fellowship.AI,,
fedex,FedEx,,
fds,"FDS, a DXC Technology company",,
faurecia,Faurecia,,
faststreamtechnologies,Faststream Technologies,,
farmguide,FarmGuide,,
fanlytiks,Fanlytiks,,
fanatics,Fanatics,,
falabella,Falabella,,
faintel,Faintel Technologies Private Limited,,
factset,FactSet,,
facex,FaceX,,
fabulyst,Fabulyst,,
ezestsolutions,e-Zest,,
ezappsolution,EZAPPSOLUTION,,
ey,EY India,,
exzeo,Exzeo,,
exxonmobil,ExxonMobil,,
exusia,Exusia,,
extendfuture,Extend Future,,
expressanalytics,Express Analytics,,
exposysdatalabs,Exposys Data Labs,,
exponentiadatalabs,Exponentia,,
expertfreelancerinc,Expert Freelancer INC,,
experienceflow,ExperienceFlow India,,
experian,Experian,,
exlservice,EXL,,
exeliqconsulting,Exeliq Consulting Inc.,,
exelatechnologies,Exela Technologies,,
exdion,Exdion,,
excelsiorresearch,Excelsior Research,,
excelraknowledgesolutions,Excelra,,
excelr,ExcelR,,
exceedsoft,Exceed Soft,,
exawizards,ExaWizards Inc,,
exalcatechnologies,Exalca Technologies,,
exafluence,Exafluence,,
exadatumbig,Exadatum Software Services Pvt. Ltd,,
examobility,Exa Mobility,,
evryindia,EVRY India,,
evolvus,Evolvus Solutions,,
evolenthealth,Evolent Health,,
evoketechnologies,Evoke Technologies,,
evive,Evive,,
everydayhealthgroup,Everyday Health Group,,
everlytics,Everlytics Data Science,,
eventstreet,EventStreet,,
evarcity,EvarCity,,
evalueserve,Evalueserve,,
etginternational,ETP Omnichannel Retail Solutions,,
eteam,eTeam Inc,,
essentiasoftserv,Essentia Softserv,,
esktechnologies,ESK Technologies,,
esenselearningpvt,eSense,,
ericssonitsolutionsservices,Ericsson,,
ericssonworldwide,Ericsson,,
erachittechnologies,E-rachit,,
equinor,Equinor,,
equifax,Equifax,,
epsilon,Epsilon,,
eprospects,eProspects,,
eprentise,Eprentise,,
episource,Episource,,
epam,EPAM,,
envestnet,Envestnet,,
entrepreneursorganization,Entrepreneurs' Organization,,
enterprisebot,Enterprise Bot,,
entercoms,"Entercoms, Inc",,
enrichibs,ENRICH IBS – IT Services,,
enquero,Enquero,,
enovateskill,Enovateskill,,
enixtainnovations,Enixta,,
engineerbabu,EngineerBabu,,
energyexemplar,Energy Exemplar,,
endurancetechnologies,Endurance Technologies Ltd.,,
enduranceinternationalgroup,Endurance International Group,,
encorecapitalgroup,Encore Capital Group,,
encora,Encora,,
empowerretirement,Empower Retirement,,
employers,Employers,,
employeesolutions,Employee Solutions,,
emerson,Emerson Global,,
emersonclimatetechnologies,Emerson Climate Technologies,,
emcurepharmaceuticals,Emcure Pharmaceuticals,,
embibe,EMBIBE,,
emagevision,Emage Group,,
elucidatama,Elucidata,,
elsevier,Elsevier,,
elpisitsolutions,Elpis IT Solutions,,
elliciumsolutionsprivatelimited,Ellicium Solutions,,
eliteunifiedkripsconsultants,Elite Unified Krips Consultants,,
elietahari,Elie Tahari,,
elilillyandcompany,Eli Lilly,,
electronicarts,Electronic Arts,,
elastotechindustries,Elasto-Tech Industries Pvt Ltd,,
ekoindiafinancialservices,Eko India Financial Services,,
ekincare,Ekincare,,
eigenlytics,Eigenlytics,,
ehaat,EHAAT,,
eedgeai,eedge.ai,,
eetechnologies,"EE Technologies, Inc",,
edyootechnologies,Edyoo Technologies,,
edwardslifesciences,Edwards Lifesciences,,
edureka,Edureka,,
edulytindia,Edulyt India,,
educationalinitiatives,Educational Initiatives,,
edgevervesystems,Edgeverve,,
edgenetworks,Edge Networks,,
edelweisstokiolifeinsurance,Edelweiss Tokio Life Insurance Company,,
edelweissfinancialservices,Edelweiss Financial Services,,
ecozensolutions,Ecozen Solutions,,
ecolabdigitalcenter,Ecolab Digital Center,,
ecolab,Ecolab,,
ecoinsight,ecoInsight SoftwarePLUS,,
ecmobility,EC-Mobility,,
eclerx,eClerx,,
ecinfosolutions,EC Infosolutions Pvt Ltd,,
eaton,Eaton,,
eatlocaleatnatural,EAT LOCAL EAT NATURAL LLC,,
easyrewardz,Easyrewardz,,
easypolicycom,Easypolicy.com,,
earlysalarycom,EarlySalary,,
eagleview,EagleView,,
eagletkinfotech,Eagle TK Infotech,,
e2open,E2open,,
dynpro,DynPro,,
dynatrace,Dynatrace,,
dynata,Dynata,,
dxctechnology,DXC Technology,,
dushyantenterprises,DUSHYANT ENTERPRISES,,
duretechnologies,Dure Technologies,,
dupont,DuPont,,
dupontsustainablesolutions,DuPont,,
dunnhumby,Dunnhumby India,,
dunbradstreet,Dun & Bradstreet,,
dttrakconsulting,DT-Trak Consulting,,
darshansofttech,DSPL | darshansofttech,,
drishya,Drishya AI,,
drishtitech,Drishti,,
dreamorbitsoftech,DreamOrbit,,
dream11,Dream11,,
draup,Draup,,
drreddys,Dr. Reddy's Laboratories,,
dozee,Dozee,,
doxper,Doxper,,
donebynone,DONE BY NONE,,
dollarloancenter,Dollar Loan Center,,
docontechnologies,Docon,,
diycam,Diycam: Artificial intelligence & Video Analytics,,
diwo,Diwo,,
divihnintegration,DivIHN: IT Solutions Services,,
diverselynx,Diverse Lynx,,
distill,Distill,,
diageo,Discover Diageo,,
directionsoftwaresolutions,Direction Software Solutions,,
directi,Directi,,
diligent,Diligent Corporation,,
digitelenetworks,DigiTele Networks,,
digitaltrainee,Digital Trainee,,
digitaltaas,Digital TaaS,,
digitalaristotle,Digital Aristotle,,
digiqsolutions,DigiQ Solutions,,
digihealth,DigiHealth,,
digité,DIG:ITA,,
differenceengineai,Difference Engine AI,,
diatozsolutions,DIATOZ Solutions,,
diagonalsoftware,Diagonal Software,,
diactotechnologies,Diacto,,
dhiomicsanalyticssolutions,dhiOmics Analytics,,
dexpertsystems,Dexpert Systems,,
dexlerinformationsolutions,Dexler Education,,
dewsolutions,Dew Solutions,,
deustche,Deutsche Bank,,
deutschebank,Deutsche Bank,,
denave,Denave,,
demandmatrix,DemandMatrix,,
deloitte,Deloitte India,,
delltechnologies,Dell India,,
delhivery,Delhivery,,
defenceresearchdevelopmentorganisation,Defence Research and Development Organisation - DRDO,,
deeptekmedicalimaging,Deeptek.ai,,
deepedge,DeepEdge,,
decisiontreeanalyticsservices,Decision Tree Analytics,,
decisionpoint,Decision Point,,
decisionminds,Decision Minds,,
danalytics,Decision Analytics | danalytics,,
decimaltechnologies,Decimal Technologies,,
decimalpointanalytics,Decimal Point Analytics,,
deccaninfosystems,Deccan Infosystems,,
developmentcreditbanklimited,DCB Bank,,
dbtechnologies,dBTechnologies,,
dbsbank,DBS Bank,,
dbsasiahub2,DBS Asia Hub,,
dayanandasagarcollegeofengineering,Dayananda Sagar College of Engineering (DSCE),,
datopic,Datopic,,
datenwissen,Daten & Wissen,,
datazenengineering,dataZen Engineering,,
dataweave,DataWeave,,
datavincianalyticsagency,DataVinci Analytics Agency,,
datavalanalytics,DataVal,,
datasite,Datasite,,
datascribetechnologies,Datascribe Technologies Inc,,
dataphilics,DataPhilics,,
datamites,Datamites Global Training Institute,,
datametica,Datametica,,
datameticabig,Datametica,,
datamaticsglobalservices,Datamatics,,
datalogic,Datalogic,,
datalicious,Datalicious,,
datakaresolutions,DataKare Solutions,,
datagrokr,DataGrokr,,
dataflix,Dataflix,,
datafactz,DataFactZ,,
datactionanalytics,Dataction,,
databricks,Databricks,,
databeat,DataBeat,,
datasutram,Data Sutram,,
datasemantics,Data Semantics,,
datagyan,Data Gyan,,
datafoundry,Data Foundry,,
dataaxle,Data Axle,,
dassaultsystemes,Dassault Systèmes,,
dasdas,DasDas,,
darashawconsultants,Darashaw,,
danskeitandsupportservices,DANSKE IT AND SUPPORT SERVICES,,
danskebank,Danske Bank,,
danpal,Danpal Light Architecture Solutions,,
danalitic,Danalitic,,
dalchemy,dAlchemy,,
daimler,Daimler - Mercedes-Benz,,
dailyninja,DailyNinja,,
dailyhunt,Dailyhunt,,
daffodilsoftware,Daffodil Software,,
dacasafinanceira,DACASA | Financeira,,
daaslabs,Daas Labs,,
d2ktechnologiesindia,D2K Technologies,,
deshawindia,D. E. Shaw India,,
cyient,Cyient,,
cybagesoftware,Cybage,,
cvent,Cvent,,
cvedia,CVEDIA,,
customercentria,customercentria,,
current,Current,,
curlanalytics,Curl,,
cumulationstechnologies,Cumulations Technologies,,
cummins,Cummins,,
cuelearn,Cuemath,,
cuelogictechnologies,Cuelogic Technologies,,
cubictreetechnologysolutions,Cubictree,,
cube26,Cube26,,
csscorporation,CSS Corp,,
centralmechanicalengineeringresearchinstitute,CSIR-Central Mechanical Engineering Research Institute,,
cscegovernanceservices,CSC E-Governance,,
csc,CSC,,
crytonixsolutions,Crytonix Solutions,,
croyantsoftwaretechnologies,Croyant Tech,,
crownholdings,Crown Holdings,,
crowdanalytix,CrowdANALYTIX,,
crosstabmarketingservicespvt,Crosstab IT Consulting,,
cropintechnologysolutions,Cropin,,
cronlabssolutions,Cron Labs,,
crmnext,CRMNext,,
crisil,CRISIL,,
crimsoninteractive,Crimson Interactive,,
crgsolutions,CRG Solutions,,
crediwatch,Crediwatch,,
creditvidya,CreditVidya,,
creditsuisse,Credit Suisse,,
creditsaisonindia,Credit Saison India,,
creditnirvana,Credit Nirvana,,
cred,CRED,,
craftsvillacom,Craftsvilla,,
coviam,Coviam Technologies,,
coutureai,Couture.ai,,
coursera,Coursera,,
course5intelligence,Course5,,
coupasoftwareinc,Coupa Software,,
counfreedise,Counfreedise,,
cotiviti,Cotiviti,,
cosmosesolutionsservices,Cosmos eSolutions & Services,,
corover,CoRover,,
cornerstoneondemand,Cornerstone OnDemand,,
coriolistechnologies,Coriolis Technologies,,
coreviewsystems,CoreView Systems,,
corecompete,CORECOMPETE,,
controlstructures,Control Structures Technologies,,
continualengine,Continual Engine,,
continental,Continental,,
consultadd,Consultadd Inc,,
constantcontact,Constant Contact,,
connaizensoftware,Connaizen Software,,
congregationbritshalom,Congregation Brit Shalom,,
confidential,Confidential,,
conduent,Conduent,,
concirrus,Concirrus,,
concertosoftware,Concerto Software and Systems,,
concertai,ConcertAI,,
concentrix,Concentrix,,
comviva,Comviva,,
comsensetechnologies,Comsense Technologies,,
comscore,Comscore,,
competentsoftware,Competent Software,,
compass,Compass Group,,
commvault,Commvault,,
commerceiq,CommerceIQ,,
commonwealthbankofaustralia,CommBank,,
colttechnologyservices,Colt Technology Services,,
colorssoftware,Colors Software,,
collotech,Collotech,,
collinson,Collinson Group,,
collinsaerospace,Collins Aerospace,,
collegedunia,Collegedunia,,
collegeboard,College Board,,
collabera,Collabera,,
colgatepalmolive,Colgate,,
cogoport,Cogoport,,
cognizant,Cognizant,,
cognizantconsulting,Cognizant,,
cognizantsoftvision,Cognizant,,
cognizanttechnologysolutions,Cognizant,,
cts,Cognizant,,
cognitivescale,CognitiveScale,,
cognitiveworks,Cognitive Works,,
cogentdatasolutions,COGENT DATA SOLUTIONS,,
cogencisinformationservices,Cogencis,,
coforge,Coforge,,
coforgesenior,Coforge,,
coffeebeansconsulting,CoffeeBeans Consulting,,
coditationsystems,Coditation,,
coditas,Coditas,,
codecsoftitservices,Codecsoft IT Services,,
codekaroyaaro,Code Karo Yaaro,,
cmc,CMC Vellore,,
club24,Club 24 Fitness,,
cloverinfotech,Clover Infotech,,
cloudprisma,CloudPrisma,,
cloudfrontstechnologies,CloudFronts,,
cloudcover,CloudCover,,
cloudaeye,CloudAEye,,
cloudcounselage,Cloud Counselage,,
climateconnect,Climate-Connect,,
clearquote,ClearQuote,,
clarivate,Clarivate,,
clairvoyant,Clairvoyant,,
clairvolex,Clairvolex,,
claimgenius,Claim Genius,,
citrix,Citrix,,
citiustech,CitiusTech,,
citi,Citi India,,
citicorpservicesindia,Citi India,,
ciscosystems,Cisco,,
cipla,Cipla,,
cimpress,Cimpress,,
ciansanalytics,Cians Analytics,,
childhealthimprints,Child Health Imprints,,
chemdiqasrd,Chemdist Process Solutions,,
chefling,Chefling,,
cheeburgercheeburger,Cheeburger Cheeburger,,
chatous,Chatous,,
ctu,Chandigarh Transport Undertaking,,
chandigarhgroup,Chandigarh Group of Colleges,,
championinfometrics,Champion Infometrics,,
challengertechnologies,Challenger Technologies,,
chakritechnologies,Chakri Technologies,,
chainalytics,Chainalytics,,
computergeneratedsolutions,CGS | Computer Generated Solutions,,
cgi,CGI.com,,
cgidigital,CGI Digital,,
ceruleaninformationtechnology,Cerulean Information Technology,,
cerner,Cerner,,
cerelabs,Cere Labs,,
cepheid,Cepheid,,
centurysoft,Centurysoft,,
centurylink,CenturyLink,,
centraltest,CENTRAL TEST,,
centiumconsulting,Centium Consulting,,
centelon,Centelon,,
celusiontechnologies,Celusion Technologies,,
celebaltechnologies,Celebal Technologies,,
cdkglobal,CDK Global,,
centrefordevelopmentofadvancedcomputing,C-DAC (Centre for Developmentof Advanced Computing),,
cdac,C-DAC,,
cbre,CBRE,,
caterpillar,Caterpillar,,
cashe,CASHe,,
cartesianconsulting,Cartesian Consulting,,
cars24com,Cars24,,
cargoflashinfotech,Cargoflash,,
cargill,Cargill India,,
careernetconsulting,Careernet,,
careerera,Careerera,,
careerlauncher,Career Launcher,,
cardekho,CarDekho,,
capitalone,Capital One,,
capgemini,Capgemini,,
capgeminiengineering,Capgemini,,
capgeminiinvent,Capgemini,,
capfronttechnologies,CapFront Techonlogy,,
capforce,Capforce,,
capco,Capco,,
capacentreforaviation,CAPA,,
canwilltechnologies,CanWill,,
candletechserv,CANDLE TECHSERV,,
canderecom,Candere,,
campsystems,CAMP Systems,,
callhealth,CallHealth,,
caetprojectmanagementconsultants,CAET Project Management Consultants,,
bytesoftwareservices,Bytes Software Services,,
byteridgesoftware,Byteridge,,
byjus,BYJU'S,,
busigencetechnologies,Busigence,,
bullhorn,Bullhorn,,
buddhimedtechnologies,Buddhimed Technologies,,
bshshs,Bshshs,,
broadridge,Broadridge,,
britistelecom,British Telecom,,
bristlecone,Bristlecone,,
brisktechnologies,Brisk Technologies,,
brillio,Brillio,,
brillotechnologies,Brillio,,
brightmoney,Bright Money,,
bridgelabzsolutions,BridgeLabz,,
bridgei2i,BRIDGEi2i,,
braneenterprisesnslhub,Brane Enterprises,,
brandscapesworldwide,Brandscapes Worldwide,,
brainwaveconsulting,Brainwave Consulting,,
brainovision,Brainovision Solutions,,
bourntecsolutions,Bourntec Solutions,,
bounce,Bounce,,
bostonscientific,Boston Scientific,,
bookmyshow,BookMyShow,,
bookmeds,BookMeds,,
bombinatetechnologies,Bombinate Technologies Private Limited,,
bold,BOLD,,
boeing,Boeing,,
bobblekeyboard,Bobble AI,,
bnymellon,BNY Mellon,,
bntsoft,BNT Soft,,
bmnhagenszeist,BMN Hagens Zeist,,
blueoptima,BlueOptima,,
blueocean,BlueOcean,,
blueyonder,Blue Yonder,,
blueumbrella,Blue Umbrella,,
blueskyanalytics,Blue Sky Analytics,,
blueplanetsolutions,Blue Planet Solutions,,
blueoceanmarketintelligence,Blue Ocean Market Intelligence,,
bluedartexpress,Blue Dart,,
bloomberglp,Bloomberg L.P,,
blitzjobs,Blitzjobs,,
blazeclantechnologies,Blazeclan,,
blah,Blah Blah Blah Inc,,
blackstraw,BlackStraw AI,,
blackrock,BlackRock,,
blackhawknetwork,Blackhawk Network,,
blackcoffer,Blackcoffer,,
blackbuckinsights,Blackbuck Insights,,
bizviztechnologies,Bizviz Technologies Private Limited,,
bizreach,BIZREACH,,
bizongo,Bizongo,,
bizkonnectsolutions,BizKonnect,,
bitwise,Bitwise,,
bitwisesolutionsindia,Bitwise,,
bits,BITS,,
bitspilani,BITS,,
bitlogicsoftware,BitLogic Software,,
birlasoft,Birlasoft,,
birdeye,BirdEye,,
bioxcelcorporation,Bioxcel,,
biosensetechnologies,Biosense,,
biocon,Biocon,,
bighaat,BigHaat,,
bigdatascienceresearch,Big Data Science Research,,
bidmath,BIDMATH,,
bidgely,Bidgely UtilityAI,,
bhartiairtel,Bharti Airtel,,
bharatpetroleum,Bharat Petroleum,,
bharatlightpower,Bharat Light & Power,,
bharatheavyelectricals,Bharat Heavy Electricals Limited,,
bharatfinancialinclusion,Bharat Financial Inclusion Limited,,
bewakoofbrands,Bewakoof,,
betterplacesafetysolutions,BetterPlace,,
betterhalf,Betterhalf.ai,,
bettercom,Better Mortgage,,
bestintownanalytics,Best in Town Analytics,,
berkadia,Berkadia,,
bepecsolutions,BEPEC,,
belong,Belong.co,,
beamsuntory,Beam Suntory,,
bdo,BDO,,
bostonconsultinggroup,BCG,,
bartlebytechnologies,Bartleby Technologies Pvt Ltd,,
barclays,Barclays,,
bankbazaar,BankBazaar,,
bankofamerica,Bank of America,,
bankofamericamerrilllynch,Bank of America,,
banctec,BancTec,,
bakerhughes,Baker Hughes,,
bajajfinance,Bajaj Finserv,,
bajajfinservhealth,Bajaj Finserv,,
bajajallianzgeneralinsuranceco,Bajaj Allianz,,
baincompany,Bain & Company,,
bacontinuumindia,BA Continuum India Pvt. Ltd,,
b3intelligence,B3 Intelligence,,
batlivalakaranisecurities,B&K Securities,,
bbanalytics,B&B Analytics,,
azureskynet,Azure Skynet,,
axtria,Axtria,,
axismyindia,AXIS MY INDIA,,
axisbank,Axis Bank,,
axionconnectinfosolutions,AxionConnect Info Solutions Pvt. Ltd.,,
axaxl,AXA XL,,
axagobusinessoperations,AXA Business Services,,
axa,AXA,,
avnitr,AVNIER,,
aviso,Aviso,,
avianacquisition,AVIAN,,
avanturian,Aventure Systems,,
aventior,Aventior,,
avegen,Avegen Health,,
avantaritechnologies,Avantari,,
avalara,Avalara,,
availfinance,Avail Finance,,
avaamo,Avaamo,,
automatonai,Automaton AI,,
automationengineering,Automation Engineering Company,,
automationanywhere,Automation Anywhere,,
autodesk,Autodesk India,,
aureusanalytics,Aureus Analytics,,
attra,Attra,,
attentiveai,Attentive AI,,
atsservicesindia,ATS Services,,
atos,Atos,,
atossyntel,Atos,,
atlassian,Atlassian,,
atlassystems,Atlas Systems,,
atlascopco,Atlas Copco,,
atlan,Atlan,,
atkins,Atkins,,
atidiv,Atidiv,,
athenasowl,AthenasOwl,,
atgeirsolutions,Atgeir Solutions,,
astegic,Astegic,,
assembly,Assembly,,
asquarediot,Asquared IoT Bangalore,,
aspiontechnologies,Aspion,,
asianoilfieldservices,Asian Energy Services,,
ashokleyland,Ashok Leyland India,,
ascentrikresearchservices,Ascentrik Research,,
ascentiaaisolutions,ASCENTIA.AI,,
ascenthrservices,Ascent Consulting Services Pvt. Ltd.,,
ascenthealthwellnesssolutions,Ascent,,
ascena,ascena Retail,,
aryaai,Arya.ai,,
aryasolution,Arya solutions,,
aryariskmanagementsolutions,ARYA RISK,,
arvindinternet,Arvind Internet Limited,,
arubanetworks,Aruba,,
artivaticdatalabs,Artivatic,,
artit,Artit,,
artigianitechnologies,Artigiani Technologies,,
artigiani,Artigiani pizzeria cucina,,
artificialpenetration,Artificial Penetration,,
artificiallearningsystems,Artificial Learning Systems,,
artificialbrix,Artificial Brix,,
artefact,Artefact,,
arstudioz,ArStudioz,,
arohioperations,Arohi Operations Private Limited,,
arohatechnologies,Aroha Technologies,,
ariatechitsolutions,Ariatech IT Solutions,,
argussystem,Argus System,,
ardem,ARDEM Incorporated,,
archents,archents,,
arcadix,Arcadix,,
arcadis,Arcadis,,
aptusdatalabs,Aptus Data Labs,,
aptara,Aptara Corp,,
apsidatasolutions,Apsidata Solutions,,
apralabs,Apra Labs,,
appzen,AppZen AI,,
appyhightechnology,AppyHigh,,
apptware,Apptware,,
apptio,Apptio,,
appstek,AppsTek Corp,,
appliedmaterials,Applied Materials,,
applieddatafinance,Applied Data Finance,,
appliedaicourse,Applied AI Course,,
appliedaiconsulting,Applied AI Consulting,,
apple,Apple,,
appen,Appen,,
appberry,AppBerry.co,,
apporchid,App Orchid,,
apisero,Apisero,,
apicalsolutions,apical solutions,,
apexon,Apexon,,
apexcovantage,Apex CoVantage,,
apartechnologies,Apar Technologies,,
aon,Aon,,
anzbank,ANZ,,
anytimeloanin,AnyTimeLoan,,
antworks,AntWorks,,
antuit,Antuit.ai,,
anshultech,Anshultech,,
anonymouscontent,Anonymous Content,,
anniktechnologyservices,ANNIK TECHNOLOGIES PRIVATE LIMITED,,
annalect,Annalect,,
ankitrjainassociates,Ankit R Jain & Associates,,
ankaha,Ank aha!,,
aniccadata,Anicca Data,NA,
angelone,Angel One,,
anbsystems,ANB Systems,,
anandrathi,Anand Rathi,,
analytixlabs,AnalytixLabs,,
analyticscosmmachinelearning,analyticscosm,,
analyticsvidhya,Analytics Vidhya,,
analyticsindiamagazine,Analytics India Magazine,,
analyticalwizards,Analytical Wizards,,
analysts,Analysts International,,
amygb,AmyGB.ai,,
amprovittechnologies,Amprovit Technologies Pvt Ltd,,
amplesoftechsystem,AmpleSoftech,,
amphisofttechnologies,Amphisoft,,
amnetdigital,Amnet Digital,,
amityuniversity,Amity University,,
ameriprise,Ameriprise Financial,,
americanstudentassistance,American Student Assistance,,
americanmanagementassociation,American Management Association,,
americanexpressglobalbusinesstravel,American Express Global Business Travel,,
americanexpress,American Express,,
americanautomobileassociationaaa,American Automobile Association,,
americanairlines,American Airlines,,
ameex,Ameex Technologies,,
amdocs,Amdocs,,
amcorefinancial,Amcore Financial Inc,,
ambrapalielectrotech,Ambrapali Electrotech Pvt Ltd,,
ambertaganalytics,AmberTAG,,
ambeeindia,Amber Enterprises India,,
amazonflex,Amazon Flex,,
amazon,Amazon,,
amararaja,Amara Raja,,
amadeus,Amadeus,,
altiusequipments,Altius Equipments,,
altisource,Altisource,,
altimetrik,Altimetrik,,
alten,ALTEN GROUP,,
alphonsoglobalsolutions,Alphonso Global,,
alphaalternatives,Alpha Alternatives,,
almug,Almug,,
almabetter,AlmaBetter,,
allstate,Allstate Insurance Company,,
allstateindia,Allstate India,,
allianz,Allianz,,
allianceuniversity,Alliance University,,
alliancehealthcare,Alliance Healthcare,,
alliancedata,Alliance Data Card Services,,
allegion,Allegion,,
artissignature,All Signatures,,
allitservices,All IT,,
alignedautomation,Aligned Automation,,
algoscale,Algoscale,,
algoritmosingapore,Algoritmo Lab,,
algonoxtechnologies,Algonox,,
algoanalyticsfinancialconsultancy,AlgoAnalytics,,
algoanalyticspvtltd,AlgoAnalytics,,
algo8ai,Algo8 AI,,
algoengines,Algo Engines,,
algebrasoftwareanalytics,Algebra Technologies Pvt. Ltd,,
alfonsoassociatesconsulting,Alfonso & Associates Consulting Inc,,
americanlanguagecommunicationcenter,ALCC American Language,,
albot,Albot Tech,,
alackrityconsols,Alackrity Consols,,
aktana,Aktana,,
akaiketechnologies,Akaike Technologies,,
ajio,ajio,,
ajeenkyadypatiluniversity,Ajeenkya D Y Patil University,,
aitouch,aiTouch,,
appliedinformationsciences,AIS (Applied Information Sciences),,
airpay,Airpay,,
airbus,Airbus,,
airavaatcarrentals,Airavat Car Rental & Cabs,,
airworldwide,AIR Worldwide,,
aindralabs,Aindra Labs,,
aikontechnologies,Aikon Technologies PrivateLimited,,
aikonlabs,AIKON LABS,,
aienterprise,AIEnterprise Inc.,,
aidetic,Aidetic,,
aibono,Aibono,,
Ã¡guasguariroba,ÁGUAS GUARIROBA,,
agstransacttechnologies,AGS Transact Technologies,,
agshealth,AGS Health,,
agricx,AgricxLab,,
agilecrm,Agile CRM,,
ageyetechnologies,AgEye Technologies,,
agaralabs,Agara,,
agapemarketingagency,Agape Marketing Agency,,
affle,Affle,,
affinsysai,Affinsys AI,,
affinityx,AffinityX,,
affinityanswers,Affinity Answers,,
affine,Affine,,
aeriestechnology,Aeries,,
aeratechnology,Aera Technology,,
aeratechnologyassociate,Aera,,
aegon,Aegon Group,,
aegis,AEGIS,,
adwyze,AdWyze,,
advisoryboard,Advisory Board,,
advidsco,ADVIDS- Video Content Creation Service,,
advancedinfrastructureengineering,Advanced Infrastructure Engineering Pvt Ltd,,
adp,ADP India,,
adobe,Adobe,,
admitme,Admit.me,,
adityabirlagroup,Aditya Birla Group,,
aditisoftware,Aditi Consulting,,
adhocservices,ADHOC Services,,
adglobal360,AdGlobal360,,
adecco,Adecco,,
adda247,Adda247.com,,
addinnovations,Add Innovations,,
adapptintelligence,Adappt Intelligence,,
adanigroup,Adani Group,,
acurisglobal,Acuris Global,,
acuityknowledgepartners,Acuity Knowledge Partners,,
actiknow,ActiKnow Consulting Pvt. Ltd.,,
acssolutions,ACS Solutions,,
acies,Acies,,
acdcommunications,Acd Communications,,
accurence,Accurence,,
accretivewizworkconsultants,accretive wiz@work consultants private limited,,
acclivistechnologies,Acclivis Technologies Pvt Ltd,,
accionlabs,Accion Labs,,
accentue,Accenture,,
accenture,Accenture,,
acalvio,Acalvio,,
abzooba,Abzooba,,
absolutdata,Absolutdata Analytics,,
absassolutions,ABSAS SOLUTIONS PRIVATE LIMITED,,
abhinavimmigrationservicespvtltd,Abhinav Immigration,,
abhijeetgroup,Abhijeet Group,,
abctech,ABC TECH,,
abcsupplyco,ABC Supply,,
abcdoabc,Abc do Abc,,
abc,ABC Consultants,NA,
abcconsultants,ABC Consultants,,
abbott,Abbott,,
abb,ABB Group,,
abinnovativesoftware,AB Innovative Software Private Limited,,
anheuserbuschinbev,AB InBev,,
aaysanalytics,Aays Analytics,,
aakash,Aakash Institute,,
aap,A A P & Co,,
91springboard,91Springboard,,
72dragons,72 Dragons Services,,
6sense,6 sense,,
5x,5X Technology,,
4criskai,4CRisk.ai,,
3loqlabs,3LOQ Labs,,
3ktechnologies,3k Technologies,,
3iinfotech,3i Infotech,,
360digitmg,360DigiTMG,,
247ai,24/7 AI,,
20kgroup,20K Group,,
2coms,2 COMS,,
159solutions,159 Solutions,,
1mg,1 MG,,
54y4,,NA,
aashishsharma,,NA,
abcdef,,NA,
activaca,,NA,
ajaybharti,,NA,
akashjha,,NA,
akhilsajeev,,NA,
amansingh,,NA,
amarsinghchawalwala,,NA,
aniketsonawane,,NA,
anonymous,,NA,
anuj,,NA,
arjunkappor,,NA,
asd,,NA,
assad,,NA,
at,,NA,
bäckereiconditoreifleischli,,NA,
battumohit,,NA,
bca,,NA,
brahmanbhetun,,NA,
bt,,NA,
chhatrapatishivajiinternationalairport,,NA,
christiancollegeofengineeringtechnologyccet,,NA,
collegeinternshipprogram,,NA,
corviledlight,,NA,
datasciencecom,,NA,
datascientest,,NA,
datengineering,,NA,
dc,,NA,
deepaklalwani,,NA,
df,,NA,
dontknow,,NA,
downtoup,,NA,
du,,NA,
firststudentdatascientist,,NA,
fiscaliageneraldejusticiadelestadodemexico,,NA,
fresher,,NA,
gnaserveistelemàtics,,NA,
governmentengineeringcollege,,NA,
governmentofindia,,NA,
govindarajan,,NA,
grootsindia,,NA,
hritik,,NA,
hvjhv,,NA,
idk,,NA,
ieeestudentbranchvitpune,,NA,
imafresherstopaskingme,,NA,
instituteofengineeringmanagement,,NA,
iruparsociedadcooperativa,,NA,
jsjsnsjxijssn,,NA,
justdial,Justdial,,
kabbage,Kabbage,,
kagool,Kagool,,
kalittaair,Kalitta Air LLC,,
kantar,Kantar,,
kantaranalyticspractice,Kantar Analytics Practice,,
kantarworldpaneldivision,Kantar Worldpanel: Kantar,,
kanth,,NA,
kapilitsolutions,KAPIL IT Solutions,,
kaplan,Kaplan,,
karogiaadvisoryservices,K-AROGIA ADVISORY SERVICES PRIVATE LIMITED,,
karvycomputershare,Karvy Financial Services Company,,
karvydatamanagementservicesindia,Karvy Data Management Services,,
karvygroup,Karvy Financial Services Company,,
karzatechnologies,Karza Technologies,,
kashishcorporation,Kashish Developers,,
katumburatech,,NA,
kbcprofessional,KBC Professional,,
kerlanjobeorthopaedicclinic,Cedars-Sinai Kerlan-Jobe Institute,,
keysighttechnologies,Keysight,,
khatabook,Khatabook,,
kiaraautomotora,Kiara Automotora,,
kibbcom,KibbCom India,,
kidventoeducationresearch,Kidvento,,
kinaracapital,Kinara Capital,,
kirasystems,Kira Systems,,
kisanforum,Kisan,,
kissht,Kissht,,
kit,Karlsruhe Institute of Technology,,
kiwilabs,kiwilabs.io,,
kktechnicalgroup,K & K Technical,,
klaxonindiaprivatelimited,Klaxon India,,
klugheitsoftware,Klugheit Software,,
kmart,Kmart,,
knoema,Knoema,,
knorex,Knorex,,
knowledgefoundry,Knowledge Foundry,,
knowledgelens,Knowledge Lens,,
knowledgesolutionsindia,Knowledge Solutions India,,
knowxinnovations,Knowx Innovations,,
kochindustries,Koch Industries,,
kogentix,Kogentix Technologies Private Limited,,
kohler,Kohler,,
koireadertechnologies,KoiReader,,
konkasoft,Konkasoft,,
koolsmiles,Kool Smiles,,
kotakmahindra,Kotak Mahindra Bank,,
kpittechnologies,KPIT,,
kpmg,KPMG,,
kptechobriks,KP TechnoBricks,,
krazybee,KrazyBee,,
kreditbee,KreditBee,,
krithaconvertors,Kritha Convertors Private Limited,,
kroll,Kroll,,
kruzr,Kruzr,,
kubric,Kubric,,
kudosfinanceandinvestments,Kudos Finance And Investments Private Limited,,
kukunenterprise,KUKU ENTERPRISES,,
kurrajonganddistricthospitalsociety,,NA,
kushim,Kushim,,
kutumbhcare,Kutumbh Care Pvt Ltd,,
kvantum,Kvantum Inc.,,
kwantics,Kwantics,,
kychub,KYC Hub,,
kyndryl,Kyndryl,,
lacasaone,Lacasa One,,
laerdalmedical,Laerdal Medical,,
lalitroongtagroup,Lalit Roongta Group,,
lamresearch,Lam Research,,
landmarkgroup,Landmark Group,,
landmarkitsolutions,Landmark IT Solutions,,
landytech,Landytech,,
larsenandtoubroeengineeringsolutions,L&T e-Engineering Solutions,,
larsentoubro,L&T India | Larsen & Toubro,,
latentviewanalytics,LatentView Analytics,,
latitudefintech,Latitude Fintech Pvt Ltd,,
lavainternational,LAVA international,,
lawinorder,Law In Order,,
lbrands,L Brands,,
leadgebusinessservices,Leadge Business Consultants,,
leadschoolindia,LEAD School,,
legatohealthtechnologies,Legato Health Technologies,,
lendingkart,Lendingkart,,
lenovo,Lenovo India,,
lens,,NA,
letsgrowmore,LetsGrowMore,,
levistrauss,Levi Strauss,,
lexitas,Lexitas,,
liasesforas,Liases Foras,,
liberintechnologies,Liberin Technologies,,
lido,Lido Learning,,
lifetimewellnessrxinternationallimited,Lifetime Wellness Rx International Limited,,
limeroad,Limeroad,,
lincode,Lincode Labs,,
linkedin,LinkedIn,,
linscan,LIN SCAN,,
linsyssofttechnologies,Linsyssoft Technologies Private Limited,,
linuxworld,LinuxWorld Informatics Pvt Ltd,,
liquidhub,Liquid-Hub,,
litifer,Litifer,,
litmusworld,LitmusWorld,,
livnsense,LivNSense Technologies,,
livpure,Livpure,,
lnterplast,Interplast,,
locobuzz,Locobuzz,,
locus,Locus,,
logictechnology,"LOGIC Technologies, Inc.",,
loginextsolutions,LogiNext,,
loginworks,Loginworks Softwares,,
logiprosoftware,Logipro Software Private Limited,,
logisticsnow,LogisticsNow,,
lokibots,LokiBots,,
lookingforjob,Looking for Job,,
loschengineering,Bosch Engineering,,
loweshomeimprovement,Lowe's Home Improvement,,
loyalyticsconsulting,Loyalytics Consulting,,
loyltyrewardzmngt,Loylty Rewardz,,
ltfinancialservices,L&T Finance,,
lti,LTI - Larsen & Toubro Infotech,,
ltisenior,LTI - Larsen & Toubro Infotech,,
lttechnologyservices,L&T Technology Services (LTTS),,
lucidatechnologies,Lucida Technologies,,
lucidityconsultinggroup,Lucidity Consulting Group,,
lumen,Lumen,,
lumiq,Lumiq,,
lumiqindia,Lumiq,,
luxoft,Luxoft,,
lymbyc,Lymbyc,,
machanigroup,MACHANIGROUP,,
machinelearning,,NA,
machintel,Machintel,,
mactores,Mactores,,
madstreetdensystems,Mad Street Den,,
maersk,Maersk,,
maestrointellect,Maestro Intellect,,
magic9mediaanalytics,Magic9 Media & Analytics Pvt. Ltd,,
magicbricks,Magicbricks,,
magicleap,Magic Leap,,
magnainfotech,Magna Infotech,,
magnaquest,Magnaquest,,
maharshi,Maharshi,,
mahendrasinstitute,Mahendras.org,,
mahindra,Mahindra Group,,
mahindrafirstchoicewheels,Mahindra First Choice,,
mahindraintegratedbusinesssolutions,Mahindra Integrated Business Solutions,,
mahiraengineering,Mahira Engineering W.L.L,,
majorel,Majorel,,
makemytrip,MakeMyTrip,,
mancorpinnovationlabs,ManCorp Innovation Labs,,
manipaluniversity,Manipal University,,
mankibaat,Mann Ki Baat,,
manthan,Manthan Systems,,
manthanstudio,Manthan Studio,,
mantralabs,Mantra Labs,,
mantratechnologiesindia,Mantra Technologies,,
mapmyindia,MapmyIndia,,
maqsoftware,MAQ Software,,
marketlinc,MarketLinc,,
marketpulsetechnologies,Market Pulse Tech,,
marketsandmarkets,MarketsandMarkets,,
marksspencer,Marks and Spencer India,,
marlabs,Marlabs,,
marswebsolution,MARS Web Solution,,
martentransport,"Marten Transport, Ltd.",,
marutisuzuki,Maruti Suzuki,,
masstechnologies,MASS Technologies Inc,,
mastercard,Mastercard,,
mastheadtechnologies,Masthead Technologies Pvt. Ltd.,,
matelabs,Mate Labs,,
mathworks,MathWorks,,
mavenir,Mavenir,,
mavenwavepartners,Maven Wave,,
maxfashions,Max Fashion,,
maxgentechnologies,MAXGEN TECHNOLOGIES PVT LTD,,
maybank,Maybank,,
mbblabs,Mbb Labs Private Limited,,
mcafee,McAfee,,
mcdonalds,McDonald's,,
mckinleyrice,McKinley Rice,,
mckinneyandcompany,McKinsey & Company,,
mckinseycompany,McKinsey & Company,,
mckinseyknowledgecenter,McKinsey Knowledge Center,,
mealsonwheelsamerica,Meals on Wheels America,,
mechademyengineeringsolutions,Mechademy,,
mediaagility,MediaAgility,,
mediamint,MediaMint,,
medianet,Media.net,,
medibox,Medibox,,
medicento,Medicento,,
medlineindustries,Medline,,
medtoureasy,MedTourEasy,,
meeamitechnologies,Meeami Technologies,,
meghaengineeringandinfrastructure,Megha Engineering and Infrastructure Limited,,
menukurichakradharreddy,,NA,
mercedesbenzinternational,Mercedes-Benz International,,
mercedesbenzresearchanddevelopmentindia,Mercedes-Benz Research & Development India,,
mercer,Mercer,,
merckkgaa,Merck KGaA,,
merilytics,Merilytics,,
merkle,Merkle Sokrati,,
merumobilitytech,MERU MOBILITY TECH PRIVATE LIMITED,,
meshca,Meshca Jewellery,,
meta,Meta,,
metagogylearningsystems,METAGOGY LEARNING SYSTEMS PRIVATE LIMITED,,
metaswitch,Metaswitch,,
metlife,MetLife,,
metrics4analytics,Metrics4 Analytics,,
metrixlab,MetrixLab,,
metteyyaanalytics,Metteyya Analytics LLC,,
mfarms,Mfarms,,
mfine,MFine,,
mhalshaya,Alshaya Group,,
michelin,Michelin India,,
microland,Microland,,
microntechnology,"Micron Technology, Inc.",,
microsoft,Microsoft,,
microtekinternationalindia,Microtek,,
microworldtechnologies,MicroWorld Technologies Inc,,
midcoastregionalredevelopmentauthority,Midcoast Regional Redevelopment Authority (MRRA),,
milaap,Milaap,,
milkbasket,Milkbasket,,
mindboard,Mindboard,,
mindbody,Mindbody,,
mindbowserinfosolutions,MindBowser,,
mindtree,Mindtree,,
mintifi,Mintifi,,
minvesta,Minvesta Infotech Limited,,
miq,MiQ,,
miqlogistics,MIQ Logistics,,
miraknittingworks,Mira Knitting Works Pvt Ltd,,
mirrag,Mirrag AI,,
mit,,NA,
mitworldpeaceuniversity,MIT-WPU,,
mobilepremierleague,Mobile Premier League (MPL),,
mobileprogramming,Mobile programming LLC,,
mobilityquest,Mobility Quest,,
mobiotics,Mobiotics,,
molecularconnections,Molecular Connections Pvt Ltd,,
mondelÄ“zinternational,"Mondelēz International, Inc.",,
moneytap,MoneyTap,,
moneytor,Moneytor,,
moneyview,Money View,,
monocept,Monocept,,
monsantocompany,Monsanto Company,,
monsoonindia,Monsoon,,
monsooninfotechinc,Monsoon Technologies Private Limited,,
montytelecomdevelopment,Monty Telecom Development,,
moodysanalytics,Moody's Analytics,,
moodyscorporation,Moody's Corporation,,
moonstoneinfotech,Moonstone Infotech,,
morganstanley,Morgan Stanley,,
morningstar,Morningstar,,
mosaikanalyticssolutions,Mosaik Analytics Solutions,,
mothersonsumiinfotechanddesigns,MothersonSumi INfotech & Designs Ltd. (MIND),,
motifworks,Motifworks,,
motilaloswalfinancialservices,Motilal Oswal,,
motilaloswalsecurities,Motilal Oswal,,
motorolasolutions,Motorola Solutions,,
mouritech,MOURI Tech,,
moxtain,Moxtain,,
mphasis,Mphasis,,
mresultservices,MResult,,
mroads,Mroads,,
msci,MSCI,,
msixtechnology,MSys Technologies,,
mtxgroup,"MTX Group, Inc",,
multibrandsinternational,Multibrands International,,
multipliersolutions,Multiplier AI Solutions,,
multirecruit,Multi Recruit,,
muoro,Muoro,,
musigma,Mu Sigma,,
musixspace,Musixspace,,
musubimanagement,Musubi Management,,
myally,My Ally,,
myelinfoundry,Myelin Foundry,,
mygate,MyGate,,
myntra,Myntra,,
mypaisaa,myPaisaa,,
myraatechnologies,Myraa Technologies,,
myways,MyWays,,
na,,NA,
nabardconsultancyservices,NABARD Consultancy Services,,
nablerwebsolutions,Nabler,,
naerialconsultancy,Naerial Consultancy Llp,,
nagamanihospital,Nagamani Hospital,,
nagarro,Nagarro,,
nagendranco,,NA,
naidu,,NA,
nailbiter,Nailbiter,,
namekart,Namekart,,
nan,,NA,
nassaure,Nassau Re,,
nationalcentreforbiologicalsciences,National Centre for Biological Sciences,,
nationalinstituteoftechnologykarnataka,,NA,
nationalpaymentscorporationofindia,NPCI - National Payments Corporation of India,,
natwestgroup,NatWest Group,,
naukricom,Naukri.com,,
naveenengineering,Naveen Engineering Industries,,
navialifecare,Navia Life Care,,
navidium,Navidium,,
navigare,Navigare Systems,,
naviriskconsulting,NAVIRISK,,
navosystems,Nanosystems,,
navrititechnologies,Navriti Technologies,,
navyuginfosolutions,Navyug Infosolutions,,
naworldservices,,NA,
ncbs,NCBS,,
ncr,,NA,
ncsanextcollegestudentathlete,,NA,
ndsinfoserv,NDS InfoServ,,
nealanalytics,Neal Analytics,,
necsoftwaresolutionsuk,NEC Software Solutions,,
neenopal,NeenOpal,,
neewee,Neewee,,
nehabhakat,,NA,
nehagupta,,NA,
neogrowthcredit,NeoGrowth,,
neomediaworld,Neo Media World,,
nerdgeeklab,Nerd Geek Lab,,
nestawaytechnologies,NestAway,,
nestlÃ©,Nestlé,,
netapp,NetApp,,
netcoresolutions,Netcore Cloud,,
netcrackertechnology,Netcracker,,
netenrichinc,Netenrich,,
netflix,Netflix,,
netomi,Netomi,,
netprophetscyberworks,NetProphets Cyberworks Pvt. Ltd.,,
netradyne,Netradyne,,
neudesic,Neudesic,,
neustar,Neustar,,
neutrinotechsystems,Neutrino Tech Systems,,
nevaventures,Neva Ventures,,
neviton,Neviton,,
newfolddigital,Newfold Digital,,
newspaceresearchandtechnologies,NewSpace Research and Technologies,,
nexiiitlabs,Nexiilabs,,
nexteducationindia,Next Education,,
nextgeninvent,NextGen Invent Corporation,,
nexussoftwaresystemjunior,Nexus Software System,,
nference,nference,,
ngdata,NGDATA,,
nhai,NHAI,,
niamariesser,,NA,
nice,NICE,,
nidhihospital,Nidhi Hospital,,
nielsen,Nielsen,,
nielseniq,NielsenIQ,,
nightlightpediatricurgentcare,NightLight Pediatric Urgent Care,,
niit,NIIT,,
nike,Nike,,
nikhilanalytics,Nikhil Analytics,,
nimbushire,Nimbus Hire,,
nineabusinessconnect,Nine A Business Connect Pvt. Ltd.,,
nineleapstechnologysolutions,Nineleaps,,
ninestarsinformationtechnologies,Ninestars Information Technologies,,
ninjacart,Ninjacart,,
niranjanshah,,NA,
niscomteleinfra,NISCOM Tele Infra Pvt. Ltd.,,
nisum,Nisum,,
nitishverma,Nitish Verma,,
nitjalandhar,,NA,
nits,National Institute of Technology Silchar,,
nityoinfotech,Nityo Infotech Services Pvt. Ltd,,
nivettisystems,Nivetti Systems,,
niyo,Niyo,,
nlbservices,NLB Services,,
nntcorp,NNT CORP,,
nobodylikesonions,NOBODY LIKES ONIONS,,
nobroker,NoBroker,,
noesyssoftware,Noesys,,
nokia,Nokia Corporation,,
nomuraholdings,"Nomura Holdings, Inc.",,
noneofyourbusinessboutique,None Of Your Business Boutique,,
nones,,NA,
nonesdatascience,,NA,
noodleai,Noodle.ai,,
noon,noon,,
northcorpsoftware,Northcorp Software,,
northernalbertainstituteoftechnology,,NA,
notapplicable,,NA,
nothingsomething,,NA,
novartis,Novartis India,,
novelsynthsoftsolutions,Novel Synth,,
novonordisk,Novo Nordisk,,
novotech,Novotech CRO,,
novozymes,Novozymes,,
nsmatrixservices,NSMX | NS Matrix Services,,
nthrive,nThrive,,
nttdata,NTT DATA,,
nttltd,NTT DATA,,
nuartinlabs,,NA,
nucleussoftwareexports,Nucleus Software,,
nucsoft,Nucsoft,,
numbermall,NUMBERMALL PRIVATE LIMITED,,
numer8,Numer8,,
numerify,Numerify | Digital.ai,,
nurtr,nurtr,,
nutanxttechnologies,NUTANXT,,
nvidia,NVIDIA,,
nxtradata,Nxtra Data,,
o9solutions,o9 Solutions,,
oasishrcorporatesolutions,OASIS HR SOLUTION,,
objecttechnologysolutionsindia,Object Technology Solutions India Pvt Ltd,,
oceanfrogs,OceanFrogs,,
oceanicpharmachem,Oceanic Pharmachem,,
octro,Octro Inc.,,
ocwenfinancial,Ocwen,,
okaycom,OK.com,,
okcredit,OkCredit,,
okkular,Okkular,,
ola,Ola Cabs,,
olcademy,Olcademy,,
olxgroup,OLX Group,,
omdena,Omdena,,
omnisys,OmniSYS,,
oneturetechnologies,Incture Technologies,,
ongshan,,NA,
onit,Onit: Legal Workflow & Business Process Automation Software,,
onlinedataentryjob,OnlineDataEntryJob.com,,
onlinesalesai,OnlineSales.ai,,
onlygrouphealthcare,OG Healthcare,,
onwardassist,Onward Assist,,
openinsights,Open Insights,,
openstream,Openstream,,
opialabs,Opia Labs,,
optimuminfosystems,Optimum Info System Private Limited,,
optrahealth,OptraHEALTH,,
optum,Optum - Health Services Innovation Company,,
optumglobalsolutions,Optum Health Care,,
optumglobalsolutionsindia,Optum Health Care,,
oracle,Oracle,,
oraclefinancialgroup,Oracle,,
orangesenior,Orange Senior Center,,
orbinettechnologies,ORBINET TECHNOLOGIES PVT LTD,,
orbittechnologies,Orbit Technologies Pvt. Ltd,,
ormae,ORMAE,,
other,,NA,
otherstories,,NA,
otocapital,OTO Capital,,
oustlabs,Oust Labs,,
oxigen,Oxigen Services,,
oyo,OYO,,
pacecomtechnologies,PACECOM Technologies,,
pagegrouplondon,Page Group,,
palinanalytics,Palin Analytics,,
palletechnology,Palle Technologies,,
panasonic,Panasonic,,
pantechsolutions,Pantech ProLabs India Pvt Ltd,,
paralleldots,ParallelDots,,
paramounthealthservicestpapvt,Paramount Health Services & Insurance TPA Pvt. Ltd,,
parexel,Parexel,,
patrick,Patrick,,
pavan,,NA,
paynearby,PayNearby,,
paypal,PayPal,,
paytm,Paytm,,
payu,PayU,,
payzello,Payzello,,
peacocksolar,Peacock Solar,,
peak,Peak,,
peelworks,Peel-Works,,
pegasystems,Pega,,
pentationanalytics,Pentation Analytics,,
peoplegroup,People Group,,
peoplestrongtechnologies,PeopleStrong,,
peopletechgroup,People Tech Group,,
pepsico,PepsiCo,,
perennial,Perennial Systems,,
perpule,Perpule,,
persistentnetworks,Persistent Networks Pvt Ltd,,
persistentsystems,Persistent Systems,,
persistentsystemssenior,Persistent Systems,,
petpal,Petpal,,
pexitics,Pexitics,,
pharmaace,PharmaACE,,
pharmeasy,PharmEasy,,
phdata,phData,,
phenom,Phenom Talent Experience Management,,
philips,Philips,,
philipslighting,Philips lighting,,
phonepe,PhonePe,,
photomathca,Photomath,,
photon,Photon,,
pionai,Piano,,
piramalenterprises,Piramal Group of Companies,,
pisyst,Pisyst India,,
pitneybowes,Pitney Bowes,,
pivosystechnologies,Pivosys Technologies,,
pivotchainsolutions,Pivotchain Solutions,,
pixuate,Pixuate,,
pixxel,Pixxel,,
pk,,NA,
playgames24x7,Games24x7,,
playshifu,PlayShifu,,
playsimplegames,Playsimple,,
pluralsight,Pluralsight,,
pluto7,Pluto7,,
pokerstars,PokerStars,,
polarisft,Polarisft,,
polestarsolutionsservicesindia,Polestar Solutions,,
policybazaar,PolicyBazaar,,
polynomialai,Polynomial.AI,,
postman,Postman,,
powerbiconsulting,Power BI Consulting Services,,
powerweave,Powerweave,,
practotechnologies,Practo,,
pragmatix,Pragmatix Learning,,
prakshep,Prakshep Tech Solutions,,
prakticeai,Praktice.AI,,
pramata,Pramata,,
prashanthprojects,Prashanth Projects Limited,,
prateekmishra,Prateek Mishra,,
pratham,Pratham,,
pratilipi,Pratilipi,,
precifabtechnologies,Precifab Technologies Private Limited,,
precily,Precily AI,,
predera,Predera AIQ,,
predictiveresearch,Predictive Research,,
prescience,Prescience - Data Science & Analytics,,
presidencyuniversitybangalore,Presidency University - Bangalore,,
prgxglobal,PRGX Global,,
pricelinecom,Priceline.com,,
primenumberstechnologies,Primenumbers Technologies,,
primeramedicaltechnologies,PrimEra Medical Technologies,,
prithvinath,,NA,
privado,Privado,,
priyanshuplastic,Priyanshu Plastic,,
proarch,"ProArch | Cloud, Cybersecurity, Data, Application Development",,
proctergamble,Procter & Gamble,,
prodottipoliplastici,PPP - Prodotti Poliplastici,,
professional,Professional Data Analysts,,
professionaldataanalysts,Professional Data Analysts,,
prognoshealth,Prognos Health,,
progressiveinfovision,Progressive Infovision,,
prometheusgroup,Prometheus Group,,
promienservices,Promien Services,,
propelluminfotech,Propellum,,
prophecylabs,Prophecy Labs,,
proptiger,PropTiger,,
provakiltechnologies,Provakil,,
provenconsult,Proven – Consult,,
proziod,Proziod,,
prudentialplc,Prudential plc,,
prudenttechnologiesconsulting,Prudent Technology & Consulting,,
psgcollegeoftechnology,PSG College of Technology,,
pslindia,pslindia,,
publicisgroupe,Publicis Groupe,,
publicissapient,Publicis Sapient,,
pubmatic,PubMatic,,
pucho,,NA,
purpletalk,PurpleTalk,,
purpllecom,Purplle.com,,
pwc,PwC,,
pwcmachinelearning,PwC,,
pyro,Pyro,,
pyxtech,pyxtech,,
q3technologies,Q3 Technologies,,
qbeats,qBeats - Hayaat Group,,
qiotechnologies,QiO Technologies,,
ql2,QL2,,
qplum,QPlum LLC,,
quadrant4systems,Quadrant 4 System Corp,,
quadrantresource,Quadrant Resource,,
quadraticinsights,Quadratic Insights Private Limited,,
quadridgetechnologies,Quadridge Technologies,,
quaero,Quaero,,
qualcomm,Qualcomm,,
qualcommtechnologies,Qualcomm,,
qualeinfotech,Quale Infotech,,
qualitastechnologies,Qualitas Technologies,,
qualsquad,Qualsquad,,
quantaficbusinesssolutions,Quantafic Business Solutions,,
quantcast,Quantcast,,
quantela,Quantela,,
quantiphi,"Quantiphi, Inc.",,
quantiphisenior,"Quantiphi, Inc.",,
quantiply,Quantiply,,
quantium,Quantium,,
quantsapp,Quantsapp,,
quantumlink,Quantum Link,,
quantumphinance,Quantum Phinance,,
quantzig,Quantzig,,
quess,Quess Corp,,
questglobal,QuEST Global,,
quickheal,Quick Heal,,
quidichinnovationlabs,Quidich Innovation Labs,,
quiltai,Quilt.AI,,
quinbay,Quinbay,,
quinstreet,QuinStreet,,
quixy,Quixy,,
quotient,Quotient,,
qwerty12,,NA,
qwertyconcepts,QWERTY Concepts,,
qwickbittechnologies,Qwickbit Technologies,,
r1rcm,R1 RCM,,
raacominfosystems,RAACOM Infosystems,,
raamgroup,Raam group,,
rabbitandtortoisetechnologysolutions,Rabbit and Tortoise Technology Solutions,,
rackspacetechnology,Rackspace Technology,,
radhakrishnafoodland,Radhakrishna Foodland Pvt Ltd,,
radometech,Radometech,,
raghavendrarathorejodhpur,,NA,
ragle,Ragle Incorporated,,
rahulindustries,Rahul Industries,,
rahulinfotech,RAHUL INFOTECH PRIVATE LIMITED,,
rahulmarian,,NA,
rainmanconsulting,RainMan Consulting,,
rajasoftwarelabs,Raja Software Labs,,
rajatbasak,,NA,
rajatminerals,RAJAT MINERALS PRIVATE LIMITED,,
rajeevkaulcpapc,Kaul Group,,
rajelectricalwork,Raj Electrical Works,,
rajendrafinance,Rajendra Finance Private Limited,,
rajeshmotors,Rajesh Motors,,
rajuristeels,Rajuri Steels,,
rajutech,Raju Tech,,
rakeshgroup,Rakesh Group,,
rakuten,Rakuten,,
rameshtondon,,NA,
ramusmusik,,NA,
rapido,Rapido,,
rapidquestsolutions,RapidQuest,,
rashiinformationservices,Rashi Infomedia Marketing Pvt. Ltd,,
rategain,RateGain,,
ratepingtechnologies,Rateping Technologies,,
ravidassociates,S. Ravi & Associates,,
ravindrakalavidyalaya,Ravindra Kala Vidyalaya,,
razorpay,Razorpay,,
razorthink,RazorThink,,
rblbank,RBL Bank,,
rcmaeroservices,RCM Aeroservices Ltd,,
rcpatelinstituteoftechnologyshirpur,"R. C. Patel Institute of Technology, Shirpur",,
rdalabs,RDAlabs,,
reachtechnologies,REACH Technologies,,
realshoppeeretail,Real Shoppee Retail Private limited,,
realtimesignals,Real Time Signals Technologies,,
rebelfoodsformerlyfaasos,Rebel Foods,,
reckondatasolutions,RECKON DATA SOLUTIONS LLC,,
reckonsys,Reckonsys,,
redbusindia,redBus!,,
redcarpet,RedCarpet,,
redeemsystems,Redeem Systems,,
redhat,Red Hat,,
redquanta,RedQuanta,,
referenceglobe,ReferenceGlobe,,
refinitiv,Refinitiv,,
reflexissystems,Reflexis Systems,,
reinlabs,Rein Labs,,
rejolut,Rejolut,,
relianceindustries,Reliance Industries Limited,,
relifintechnologies,Relifin Technologies India Pvt ltd,,
remedico,Remedico,,
rentomojo,RentoMojo,,
reomnify,Reomnify,,
reputation,Reputation,,
researchranking,Research & Ranking,,
resilinc,Resilinc,,
resoluteaisoftware,Resolute AI,,
resourcetechnologies,Resource Technologies,,
rimlas,RiM LaS Private Limited,,
risingroottechnologies,RisingRoot,,
riskmanagementsolutions,Risk Management Solutions,,
ritwikitservices,RITWIK IT Services,,
rmgx,RMgX,,
robertbosch,Bosch Global,,
robertboschengineeringandbusinesssolutions,Bosch Global,,
robertboschindia,Bosch India,,
robertshaw,Robertshaw,,
robosofttechnologies,Robosoft Technologies,,
rockyou,RockYou,,
rodonavestransporteseencomendasrte,Rodonaves Transportes,,
rohitkumarmodi,,NA,
rollsroyce,Rolls-Royce Motor Cars,,
rona,RONA,,
roundsqr,RoundSqr,,
routematic,Routematic,,
roverside,Riverside,,
rplusanalytics,Rplus Analytics,,
rsagarwalassociates,R. S. Agrawal & Associates,,
rsconsultants,RS Consultants,,
rssoftware,RS Software,,
rsystems,R Systems,,
rubiconred,Rubicon Red,,
rubixe,RUBIXE – AI,,
rudderanalytics,Rudder Analytics,,
rupeek,Rupeek,,
rvdfgdfvd,,NA,
rxlogixcorporation,RxLogix,,
s2t,S2T - Unlocking Cyberspace,,
s2wmedia,S2W Media,,
saamatechnologies,Saama Technologies,,
saankhyalabs,Saankhya Labs,,
saarthee,Saarthee | Actionable Insights,,
saasstaffingsolutions,SAAS Staffing Solutions,,
saavn,Saavn,,
sabre,Sabre – An innovative technology company,,
safeducateinstituteoflearning,Safeducate,,
sagasitanalytics,SagasIT Analytics,,
sahajsoftwaresolutions,Sahaj Software Solutions,,
saharaindiapariwar,Sahara India Pariwar,,
sailifesciences,Sai Life Sciences,,
saisreeengineers,Saisree Engineers Private Limited,,
sakon,Sakon,,
sakshaminnovations,Saksham Innovations Private Limited,,
sakshisoftech,SakshiSoftech,,
saksoft,Saksoft Limited,,
salesforce,Salesforce,,
salesken,SalesKen - Your AI Sales Assistant,,
salimgroup,Salim Group,,
samanmohit,Saman Mohit Company,,
samatechnology,Saama Technologies,,
sampoorna,Sampoorna,,
samsara,Samsara,,
samsungelectronics,Samsung,,
samsungindiaelectronics,Samsung,,
samsungrdinstituteindiabangalore,Samsung R&D Institute India,,
samsungrdinstituteindianoida,SRI Noida | Samsung Research,,
samsungresearchamerica,Samsung Research America,,
samyaksoftware,Samyak Software INDIA,,
sandcubeanalytics,Sandcube Analytics Pvt Ltd,,
sandvik,Sandvik Group,,
sanjayghodawatgroupofinstitutions,,NA,
sankalpgroup,Sankalp Group,,
sankhyanaconsultancyservices,Sankhyana Consultancy Services,,
sanofi,Sanofi,,
santronix,Santronix,,
sap,SAP,,
sapioanalytics,Sapio Analytics,,
sarasanalytics,Saras Analytics,,
sarvvidai,Sarvvid,,
satorigroupindia,Satori Group India,,
sauravpandey,,NA,
saviancetechnologies,Saviance Technologies,,
savitinteractive,Savit Interactive,,
savitribaiphulepuneuniversity,Savitribai Phule Pune University,,
sbtresearch,SBTResearch,,
scalein,Scalein,,
scandid,Scandid,,
scanta,Scanta,,
schlumberger,Schlumberger,,
schneiderelectric,Schneider Electric India,,
sci,Shipping Corporation of India,,
scienapticsystems,Scienaptic Systems,,
scifferanalytics,Sciffer Analytics,,
scoreme,ScoreMe,,
scorgtechnologies,SCORG Technologies Pvt Ltd,,
scripbox,Scripbox,,
scryanalytics,Scry Analytics,,
searce,Searce,,
sears,Sears,,
searsitmanagementservicesindia,Sears,,
seedolabs,Seedolabs,,
seernettechnologies,Seernet Technologies Private Limited,,
self,,NA,
selfemployedcom,Self Employed,,
selfopportunity,"Self Opportunity, Inc",,
sellerapp,SellerApp,,
sellingsimplified,"Selling Simplified Group, Inc",,
selotsoft,SelotSoft,,
senquireanalytics,Senquire,,
sensighttechnologies,SenSight Technologies Private Limited,,
senvion,Senvion India Pvt. Ltd,,
sercogroup,Serco Group Plc,,
servian,Servian,,
setuserv,SetuServ,,
seventhcontacthiringsolutions,Seventh Contact Hiring Solutions,,
sganalytics,SG Analytics,,
shadowfaxtechnologies,Shadowfax,,
shapeai,Shapes AI,,
shardauniversity,Sharda University,,
sharechat,ShareChat,,
shashankmedipharma,Shashank Medi Pharma Private Limited,,
shawacademy,Shaw Academy,,
shell,Shell India,,
shenzyn,Shenzyn,,
shieldsquare,,NA,
shiprocket,Shiprocket,,
shivnadaruniversity,Shiv Nadar University,,
shoginitechnoarts,Shogini Technoarts,,
shreecement,Shree Cement,,
shrutipateriya,,NA,
shssns,,NA,
shubhloans,Shubh Loans,,
sidcomputergroup,"SID Computer Group, Inc",,
siddharthtechnologies,Siddharth Technologies Private Limited,,
siemens,Siemens,,
siemensdigitalindustriessoftware,Siemens Digital Industries Software,,
siemenshealthineers,Siemens Healthineers,,
sigmahrsolutions,Sigma HR Solutions,,
sigmoid,Sigmoid,,
sigmoidanalytics,Sigmoid: Data Solutions Company,,
signify,Signify Company,,
sigtuple,SigTuple,,
silfratechnologies,Silfra Technologies,,
siliconvalleybank,Silicon Valley Bank,,
simpl,Simpl,,
simpleintelligence,Simple Intelligence,,
simplelecture,Simple Lecture,,
simplelogicit,Simple Logic,,
simplify360,Simplify360,,
simplifyvms,Simplify VMS,,
simplilearnsolutions,Simplilearn,,
siqes,SIQES,,
sirionlabs,SirionLabs,,
sivasolutions,Siva Solutions Inc,,
sixthenergytechnologies,Sixth Energy,,
skandiabanken,Sbanken,,
skellamai,Skellam AI,,
skf,SKF,,
skit,Skit,,
skuad,Skuad,,
sky,Sky Group,,
slingmedia,Sling Media,,
slkgroup,SLK Software,,
smartbridgeeducationalservices,SmartBridge,,
smartcow,SmartCow,,
smartdesert,Smart Desert,,
smarte,Smarte,,
smartek21,Smartek21,,
smarterbiztechnologies,SmarterBiz,,
smartjoules,Smart Joules,,
smecorner,SMEcorner,,
smithnephew,Smith+Nephew,,
smithsdetection,Smiths Detection,,
smnetservtechnologies,SM NetServ,,
snap,Snap Inc,,
snap2insight,Snap2Insight,,
snapdeal,Snapdeal,,
snipetechpvtltd,Snipe Tech Pvt Ltd,,
snowflake,Snowflake,,
snyconsoftwaresolutions,Snycon Software Solutions,,
sociétégénérale,Societe Generale,,
soctronics,SoCtronics,,
softechsolutionsindia,SoftTech Solutions,,
softnautics,Softnautics,,
softwaredataindia,Software Data (India) Limited,,
sokrati,Merkle Sokrati,,
solera,Solera Inc,,
solugenixcorporation,Solugenix Corporation,,
solyticspartners,Solytics Partners,,
sonasoft,Sonasoft,,
sonataservices,Sonata,,
sonatasoftware,Sonata,,
soprasteria,Sopra Steria,,
soroco,Soroco,,
soti,SOTI,,
soulofanimetoystore,,NA,
souravbesra,,NA,
sparks,Sparks,,
speedtechserve,Speed Techserve,,
speridiantechnologies,Speridian Technologies,,
spglobal,S&P Global,,
spherasolutions,Sphera,,
spoonshot,Spoonshot,,
sportzvillageschools,Sportz Village Schools,,
spotdraft,SpotDraft,,
spottabl,Spottabl,,
springml,"SpringML, Inc",,
sprinklr,Sprinklr,,
spscommerce,SPS Commerce,,
squarepanda,Square Panda,,
sravathiadvanceprocesstechnologies,Sravathi Advance Process Technologies,,
sravathiaitechnology,Sravathi AI,,
sredusolutions,Sr Edu Technologies,,
sridelhi,SRI Delhi | Samsung Research,,
sriinternational,SRI International,,
srijantechnologies,Srijan Technologies,,
srivenksoftsolutions,Srivenk Soft Solutions,,
ssc,Staff Selection Commission,,
ssptechnology,SSP Technology,,
sssupplychainsolutions,SS Supply Chain Solutions Pvt. Ltd,,
standardcharteredbank,Standard Chartered Bank,,
standardcharteredglobalbusinessservices,Standard Chartered Global Business Services Pvt Ltd,,
stanzaliving,Stanza Living,,
starcominformationtechnology,StarcomInfoTech,,
startvnetwork,Star TV Network,,
statebankofindia,State Bank of India,,
stayzilla,Stayzilla,,
steinnlabs,Steinn Labs,,
stellarorganisation,STELLAR ORGANISATION,,
stepoutsolutions,StepOut Solutions Pvt Ltd,,
steradiansemi,Steradian Semi,,
stigasoft,Stigasoft,,
stjohnsresearchinstitute,St. John's Research Institute: SJRI,,
stlsterlitetechnologieslimited,STL Tech,,
stmicroelectronics,STMicroelectronics,,
stonex,Stonex India,,
stratadecisiontechnology,Strata Decision Technology,,
strategicalpha,Strategic Alpha,,
strattekconsulting,Strattek Consulting,,
studymonitortech,Study Monitor Tech Private Limited,,
subex,Subex: Telecom Analytics Solution Provider,,
subodhsingh,,NA,
subway,Subway,,
successrhrtech,SuccessR HR Tech Pvt Ltd,,
suchirsoftech,Suchir Softech Pvt Ltd,,
suhanashabnam,,NA,
sumyag,Sumyag Data Sciences,,
sunandaspecialitycoatings,Sunanda Global,,
sunedison,SunEdison,,
sunmicrosystems,Sun Microsystems,,
sunriseseniorliving,Sunrise Senior Living,,
suntecwebservices,Sun Tec Web Services,,
superhighwaylabs,Super Highway Labs Pvt. Ltd,,
supermarketgrocerysupplies,Supermarket Grocery Supplies Private Limited,,
supplycopia,SupplyCopia,,
sureitsolutions,Sure IT,,
sutherland,Sutherland,,
swetapadmadas,,NA,
swiggy,Swiggy,,
swissre,Swiss Re Group,,
switchon,SwitchOn,,
syhg,,NA,
symbiosiscentreforappliedartificialintelligence,Symbiosis Centre for Applied AI (SCAAI),,
symbiosisinstituteofcomputerstudiesandresearch,Symbiosis Institute of Computer Studies and Research | SICSR,,
symbiosisinstituteoftechnology,Symbiosis Institute of Technology | SIT Pune,,
symphonyai,SymphonyAI,,
symphonyretailai,Symphony RetailAI,,
symphonyteleca,Symphony Teleca,,
synechron,Synechron,,
synopsys,Synopsys,,
sysark,Sysark,,
sysbasissolutions,Sysbasis,,
systechinternational,Systech International,,
tabdbjsdo,,NA,
tableausoftware,Tableau,,
taglr,Taglr Technologies Pvt Ltd,,
tagsolutions,Tag Solutions,,
taiyōai,Tact.ai,,
talentzoneconsultants,Talent Zone Consultants,,
tapzo,Tapzo,,
tarahtechnologies,Tata Technologies,,
tardid,Tardid Technologies,,
target,Target,,
tatrasdata,Tatras Data,,
tavant,Tavant,,
tbmtechnologiespvt,TBM Technologies Pvt Ltd,,
tcgdigital,TCG Digital,,
tcs,Tata Consultancy Services (TCS),,
tcseducation,Tata Consultancy Services (TCS),,
tcseserveinternational,Tata Consultancy Services (TCS),,
tdl,TDL Group Ltd,,
teacheractive,TeacherActive,,
teamcomputers,Team Computers,,
teamleasestaffingsolutions,TeamLease Services Limited,,
tech9,Tech9,,
techdata,Tech Data Corporation,,
techis,TECH I.S,,
techmahindra,Tech Mahindra,,
technicaldataanalysis,"Technical Data Analysis, Inc",,
technipfmc,TechnipFMC plc,,
technogeeks,Technogeeks,,
technovert,Technovert Solutions,,
techolution,Techolution,,
techstarconsulting,TechStar Group,,
techsystems,Tech Systems Inc,,
tecuretechnology,Tecure Technology Private Limited,,
tejastechnologiesinc,"Tejas Technologies, Inc",,
tekion,Tekion,,
tekolutionsai,Tekolutions,,
teksystems,TEKsystems,,
teleperformance,Teleperformance,,
telibrahma,TELiBrahma Technologies,,
tempworksservices,Tempworks,,
tenzai,Tenzai,,
tequedlabs,Tequed Labs,,
teradata,Teradata,,
tericsoft,Tericsoft,,
terrabluext,TerraBlue XT,,
terraeconomicsandanalyticslab,Terra Economics & Analytics Lab,,
tescobengaluru,Tesco Bengaluru,,
tesla,Tesla,,
testbookcom,Testbook.com,,
texasinstruments,Texas Instruments,,
textmercato,Text Mercato,,
tezure,Tezsure,,
thealacergroup,The Alacer Group,,
theasianparent,The Asianparent,,
thecitybank,City Bank,,
thedatateam,TheDataTeam,,
thefreshmarket,The Fresh Market,,
thegeneral,The General,,
thegoddardschool,The Goddard School,,
thejaypeegroup,Jaypee Group,,
themathcompany,TheMathCompany,,
themediaholic,The MediaHolic Co,,
theselfemployedassociation,,NA,
thesmartcube,The Smart Cube,,
thesparksfoundation,The Sparks Foundation,,
theteachingcompany,,NA,
thinkanalytics,ThinkAnalytics,,
thinkbridge,ThinkBridge,,
thinkbumblebeeanalytics,ThinkBumblebee Analytics,,
thinktac,ThinkTac,,
thomsonreuters,Thomson Reuters,,
thoucentric,Thoucentric,,
thoughtworks,Thoughtworks India,,
tiaa,TIAA,,
tibcosoftware,TIBCO Software,,
tietoevry,Tietoevry,,
tigeranalytics,Tiger Analytics,,
timesinternet,Times Internet,,
tmobile,T-Mobile & Sprint,,
toastmastersinternational,Toastmasters International,,
tokopedia,Tokopedia,,
toluna,Toluna,,
tommyhilfiger,Tommy Hilfiger,,
tomtom,TomTom,,
topprcom,Toppr,,
topsofficeprosbusinessservices,Top Office Pros Business Services,,
toptal,Toptal,,
torcai,TorcAI,,
totalinfrastructuremanagementsolutions,Total Infrastructure Management Solutions,,
tothenew,TO THE NEW,,
toyotakirloskarmotor,Toyota India,,
toyotanorthamerica,Toyota USA,,
tracxn,Tracxn,,
transorganalytics,TransOrg Analytics,,
transunion,TransUnion,,
travelex,Travelex,,
tredence,Tredence Inc,,
trell,Trell,,
trendwiseanalytics,Trendwise Analytics,,
tresvista,TresVista,,
trianz,Trianz,,
tribesai,Tribes.AI,,
tricoghealthservices,Tricog,,
tridentinformationsystems,Trident Information Systems,,
trierhealth,TrierHealth,,
trinitymobility,Trinity Mobility,,
tripstack,TripStack,,
trusoindia,Truso,,
tslmarketing,TSL Marketing,,
tsystems,T-Systems,,
ttec,TTEC,,
tupletechnologies,Tuple Technologies,,
turningcloudsolutions,TurningCloud Solutions,,
turtlemint,Turtlemint,,
tvarit,Tvarit Industrial AI,,
tvminfotech,TVM Infotech Private Limited,,
tvsmotorcompany,TVS Motor,,
twgesolutions,TWGE Solutions,,
tworoadstech,Two Roads Trading,,
tysonfoods,Tyson Foods,,
uber,Uber,,
ubiquesystems,Ubique Systems,,
ubs,UBS,,
udaancom,Udaan,,
ugam,Ugam,,
ultramatics,Ultramatics,,
unacademy,Unacademy,,
unbxd,Unbxd,,
uncannyvision,Uncanny Vision,,
unemployedprofessors,UnemployedProfessors,,
unifiedhealthcaregroup,UHG - Unified Healthcare Group,,
unify,Unify,,
unifytech,Unify Technologies,,
unilever,Unilever,,
unilogcontentsolutions,Unilog,,
uniqreate,Uniqreate,,
unisys,Unisys,,
unitedairlines,United Airlines,,
unitedhealthcare,UnitedHealthcare,,
unitedhealthgroup,UnitedHealth Group,,
unitforcetechnologiesconsultingpvt,UnitForce Technologies Consulting Pvt Ltd,,
universityofhyderabad,University of Hyderabad,,
universityofpune,Savitribai Phule Pune University,,
unknowns,,NA,
unrealai,Unreal AI,,
unscrambl,Unscrambl,,
unyscapeinfocom,Unyscape,,
upgrad,upGrad,,
upl,UPL,,
upwork,Upwork,,
urbancompany,Urban Company,,
urstechnologiessolutions,URS Systems,,
useready,USEReady,,
ushtateconsultancyservicesllp,Ushtate,,
utopia,Utopia Global,,
utopusinsights,Utopus Insights,,
uxli,UXLI,,
v2soft,V2Soft,,
vahan,V A H A N,,
valasysmedia,Valasys Media,,
valiancesolutions,Valiance Solutions,,
valueedgeresearchservices,Value Edge,,
valuelabs,ValueLabs,,
valuemomentum,ValueMomentum,,
vamrrtechnologies,VAMRR Technologies,,
vamstar,Vamstar,,
vastaglobal,Vasta Global,,
vaultedge,Vaultedge,,
vcreatek,VCREATEK CONSULTING SERVICES PVT LTD,,
vecommercialvehicles,VE Commercial Vehicles Ltd,,
vectraai,Vectra AI,,
vedantu,Vedantu,,
vedworldmachinelearning,,NA,
velement,vElement IT,,
veoneer,Veoneer,,
vereigenmedia,Vereigen Media,,
verificienttechnologies,Verificient,,
veriskanalytics,Verisk Analytics,,
veritascollaborative,Veritas Collaborative,,
verizon,Verizon,,
vertiv,Vertiv,,
vervenest,Vervenest Technologies,,
verzeo,Verzeo,,
vi,Vi,,
viacom18,Viacom18 Media Pvt. Ltd,,
viajes,,NA,
vidalhealthcare,Vidal Health Insurance,,
vidoolymediatech,Vidooly,,
vinayakumar,,NA,
virtualemployee,,NA,
virtusa,Virtusa,,
visainc,Visa,,
vishwakarmainstituteoftechnology,Vishwakarma Institute of Technology,,
visiblealpha,Visible Alpha,,
visionnlp,VisionNLP,,
vistaartechnologies,Vistaar,,
vistara,Vistara,,
visteon,Visteon Corporation,,
visualitsolutions,Visual IT Solutions Pvt. Ltd,,
vitalhuntglobalsolutions,Vitalhunt Global Solutions Pvt. Ltd.,,
vitinfotech,Vyshnavi Information Technologies (India) Pvt.Ltd,,
vitrana,Vitrana,,
vizrt,Vizrt,,
vjti,VJTI,,
vmock,VMock,,
vmokshatechnologies,Vmoksha Technologies,,
vmware,VMware,,
vodafone,Vi,,
vodafoneidea,Vi,,
voicedatasolutions,Voice Data Solutions Pvt. Ltd.,,
voisindia,Vodafone Intelligent Solutions,,
volkswagen,Volkswagen India,,
volvogroup,Volvo Group,,
votarytech,Votarytech,,
voziq,VOZIQ AI,,
vphrase,vPhrase,,
vrindatechapps,Vrinda Techapps,,
vsoft,VSoft Corporation,,
vumonictechnologies,Vumonic,,
vyomlabs,Vyom Labs,,
wabtec,Wabtec Corporation,,
wadhwaniinstituteforartificialintelligence,Wadhwani AI,,
wallassociates,The Wall Associates,,
walmart,Walmart,,
walmartecommerce,Walmart,,
walmartglobaltech,Walmart Global Tech India,,
waqarahmed,,NA,
warpspd,WARPSPD,,
waveinfosoft,Wave Infosoft Private Limited,,
waycoolfoodsproducts,WayCool,,
wayforward,wayForward,,
we4itservices,WE4ITS,,
wearejobseekers,,NA,
wearenovella,We Are Novella,,
webdirekt,WebDirekt Internet Service,,
webhelp,Webhelp,,
webi7,Webi7,,
webshar,Webshar,,
wehnermultifamily,Wehner Multifamily LLC,,
wellsfargo,Wells Fargo Bank,,
wellthytherapeutics,Wellthy Therapeutics,,
wenabletechnologies,Wenable,,
westinghouserailsystems,Westinghouse Rail Systems,,
wewantanycar,We Want Any Car,,
wheelseyetechnology,WheelsEye Technology,,
whitecrowresearch,WhiteCrow Research,,
whitehatjr,WhiteHat Jr,,
wibmo,Wibmo,,
willistowerswatson,WTW,,
winfostartechnologysenior,Winfo Star Technology,,
winjittechnologies,Winjit,,
winwiretechnologies,WinWire,,
wipro,Wipro,,
wiprodigital,Wipro Digital,,
wiprotechnologies,Wipro,,
wisseninfotech,Wissen,,
wisteli,Wisteli,,
wizely,Wizely,,
wizikey,Wizikey,,
wmall,WMall,,
wns,WNS,,
wobot,Wobot.ai,,
woinsurancebrokers,W.O. Insurance Brokers,,
wolterskluwer,Wolters Kluwer,,
worley,Worley,,
wsp,WSP,,
wundermanthompson,Wunderman Thompson,,
wyzmindz,WyzMindz,,
xcaliberinfotech,Xcaliber Infotech Pvt. Ltd,,
xceedance,Xceedance,,
xebia,Xebia,,
xeco,Xeco,,
xenonautomotive,Xenon Automotive,,
xentosystems,Xento,,
xerago,Xerago,,
xoriant,Xoriant,,
xoyal,Xoyal IT Services,,
xpologistics,XPO Logistics,,
xstats,xStats,,
xtelcommunications,Xtel Communications,,
xyenta,Xyenta,,
xyram,Xyram Software Solutions,,
xysterconsulting,"Xyster Consulting, Inc",,
xyxuk,,NA,
xyz,,NA,
xyzinnovations,XYZ Innovations,,
xyzpvtltd,XYz pvt ltd,,
xyztech,Xyztec,,
xyzturkey,XYZ Technology,,
yagnaiq,Yagna iQ,,
yardisystems,Yardi,,
yashtechnologies,YASH Technologies,,
yatraonlinepvtltd,Yatra.com,,
ydisolutions,YDI Solutions Pvt Ltd,,
yellowai,Yellow.ai,,
yes,YES Company,,
yesbank,Yes Bank,,
yesmarketing,YES marketing,,
ygroupcompanies,YGroup Companies,,
yodlee,Yodlee,,
yogeshandjain,Yogesh & Jain Chartered Accountants,,
yogeshchandrapant,,NA,
yottaasys,Yottaasys,,
yottasystems,Yotta Systems Inc,,
youplus,YOUPLUS,,
yuiindiaenterprises,Yua Electronics,,
yukthidatasoft,Yukthi Datasoft Pvt Ltd,,
yumbrands,Yum! Brands,,
zalando,Zalando,,
zaynax,Zaynax Group,,
zealeerstechnologies,Zealeers Technologies Pvt Ltd,,
zebratechnologies,Zebra Technologies,,
zedeyelabs,ZedEye Labs,,
zee5,ZEE5,,
zeeentertainmententerprisesltd,ZEE Entertainment,,
zeksystems,Zeksystems,,
zen3infosolutions,Zen3 Infosolutions,,
zenatix,Zenatix,,
zendesk,Zendesk,,
zendrive,Zendrive,,
zenoti,Zenoti,,
zensartechnologies,Zensar,,
zeotap,Zeotap,,
zestmoney,ZestMoney,,
zetaglobal,Zeta Global,,
zetasuite,Zeta Suite,,
zettaminelabs,ZettaMine Labs Pvt. Ltd,,
zfgroup,ZF Group,,
ziafatechnologies,Ziafa Technologies,,
ziffdavisllc,Ziff Davis,,
ziffytech,Ziffytech Digital Healthcare,,
zinnovmanagementconsulting,Zinnov,,
zipgigz,Zipgigz,,
zoho,Zoho,,
zolo,Zolo,,
zomato,Zomato,,
zoomcar,Zoomcar,,
zoomvideocommunications,Zoom,,
zopper,Zopper,,
zsassociates,ZS,,
zsassociatessenior,ZS,,
zsofttechnologyservice,ZS,,
zuqo,Zuqo.io,,
zycus,Zycus,,
zylotech,Zylotech,,
zymesolutions,ZYME Solutions,,
